-18,2,PynwV8n2JL550uqdRs12lH++hHU=,T1hPgmvY5YKXWnV7E1Mu55b3Tr4=
-19,1,PynwV8n2JL550uqdRs12lH++hHU=,dGnrGy2czHXU3X8mJ3i/hoQdP+s=
-19,2,PynwV8n2JL550uqdRs12lH++hHU=,wMhLYrnehr/QRJfCYmHOOkMziuM=
-18,1,PynwV8n2JL550uqdRs12lH++hHU=,e4I/7O39rQSpbFjSNgqRfEBZdDA=
-19,4,PynwV8n2JL550uqdRs12lH++hHU=,lLTWelOWB69IEs/prZatpDjS9aI=
-19,6,PynwV8n2JL550uqdRs12lH++hHU=,zWHm/ApsWpaunhh8SXh0yeCJ0S8=
-18,6,lpzMymM1/7vR8mVBq+9AXjSe3Fc=,LKyj5XmJI11b0XalYYs7L8NASck=
-18,3,lpzMymM1/7vR8mVBq+9AXjSe3Fc=,T1hPgmvY5YKXWnV7E1Mu55b3Tr4=
-19,3,lpzMymM1/7vR8mVBq+9AXjSe3Fc=,wMhLYrnehr/QRJfCYmHOOkMziuM=
-18,4,lpzMymM1/7vR8mVBq+9AXjSe3Fc=,4XVPtJSiiekLIQo3XFpl3RcNAI4=
-18,5,lpzMymM1/7vR8mVBq+9AXjSe3Fc=,4XVPtJSiiekLIQo3XFpl3RcNAI4=
-19,5,lpzMymM1/7vR8mVBq+9AXjSe3Fc=,lLTWelOWB69IEs/prZatpDjS9aI=
-20,5,lpzMymM1/7vR8mVBq+9AXjSe3Fc=,lLTWelOWB69IEs/prZatpDjS9aI=
-21,6,lpzMymM1/7vR8mVBq+9AXjSe3Fc=,Lg/YZZ/ct7cwbbJMGLWsKAnnpZ0=
-20,6,lpzMymM1/7vR8mVBq+9AXjSe3Fc=,zWHm/ApsWpaunhh8SXh0yeCJ0S8=
-21,5,lpzMymM1/7vR8mVBq+9AXjSe3Fc=,yO1Cv+vnghJxc4hqhW5nixDXbUI=
-23,6,lpzMymM1/7vR8mVBq+9AXjSe3Fc=,dPyr7vzVg/V8Q3Tz0OVCR9dGK2I=
-22,5,lpzMymM1/7vR8mVBq+9AXjSe3Fc=,yO1Cv+vnghJxc4hqhW5nixDXbUI=
-23,5,lpzMymM1/7vR8mVBq+9AXjSe3Fc=,vcWEPf/jfNvjeenyrFSGhtq9bBQ=
-22,6,lpzMymM1/7vR8mVBq+9AXjSe3Fc=,Lg/YZZ/ct7cwbbJMGLWsKAnnpZ0=
-25,6,u7CnICj+LTYS2xtgWbve2gOoxWY=,hoRGUwdVjbNtMsNpICplHzfe+o8=
-24,6,u7CnICj+LTYS2xtgWbve2gOoxWY=,dPyr7vzVg/V8Q3Tz0OVCR9dGK2I=
-27,5,u7CnICj+LTYS2xtgWbve2gOoxWY=,vLO1sCguDZlas1VWgwj2Lx1zfyI=
-24,5,u7CnICj+LTYS2xtgWbve2gOoxWY=,vcWEPf/jfNvjeenyrFSGhtq9bBQ=
-27,6,u7CnICj+LTYS2xtgWbve2gOoxWY=,C4kVKM1siE+A+h2dVlM8NbQ/oVs=
-25,5,u7CnICj+LTYS2xtgWbve2gOoxWY=,H/895rpqmQXOKNoBQjw6BZoF/tU=
-26,6,u7CnICj+LTYS2xtgWbve2gOoxWY=,hoRGUwdVjbNtMsNpICplHzfe+o8=
-26,5,u7CnICj+LTYS2xtgWbve2gOoxWY=,H/895rpqmQXOKNoBQjw6BZoF/tU=
-28,6,u7CnICj+LTYS2xtgWbve2gOoxWY=,C4kVKM1siE+A+h2dVlM8NbQ/oVs=
-27,7,fOg9IwaEERpqAW9hbTtwq0tW8rc=,C4kVKM1siE+A+h2dVlM8NbQ/oVs=
-27,8,fOg9IwaEERpqAW9hbTtwq0tW8rc=,ehLJnYCmjgMwihWxW2tt4k6OLqs=
-28,5,fOg9IwaEERpqAW9hbTtwq0tW8rc=,vLO1sCguDZlas1VWgwj2Lx1zfyI=
-28,7,fOg9IwaEERpqAW9hbTtwq0tW8rc=,C4kVKM1siE+A+h2dVlM8NbQ/oVs=
-29,6,fOg9IwaEERpqAW9hbTtwq0tW8rc=,Ms4R7r8kl4U1/evQ88gc1SCI5E8=
-29,7,fOg9IwaEERpqAW9hbTtwq0tW8rc=,Ms4R7r8kl4U1/evQ88gc1SCI5E8=
-29,8,fOg9IwaEERpqAW9hbTtwq0tW8rc=,VgeCSTwB6td2/RuifE/fnmUu9O4=
-26,8,fOg9IwaEERpqAW9hbTtwq0tW8rc=,hyL3E+Lz06pLERRPCD5IWZFz2Z8=
-28,8,fOg9IwaEERpqAW9hbTtwq0tW8rc=,ehLJnYCmjgMwihWxW2tt4k6OLqs=
-29,5,fOg9IwaEERpqAW9hbTtwq0tW8rc=,hOOwZI9zrrjJU6E8mJbT4IIxIcE=
-26,7,fOg9IwaEERpqAW9hbTtwq0tW8rc=,hoRGUwdVjbNtMsNpICplHzfe+o8=
-30,11,fOg9IwaEERpqAW9hbTtwq0tW8rc=,qzrjYwN0wnn+PtUu6V5qhNjCEvM=
-30,12,WmN09/iR71tuVsGdwH2mt0apYPo=,jcqCp+lfFijXYFH7lS3YTZqTUr0=
-29,13,WmN09/iR71tuVsGdwH2mt0apYPo=,jcqCp+lfFijXYFH7lS3YTZqTUr0=
-29,14,WmN09/iR71tuVsGdwH2mt0apYPo=,M6KdkbrJlnxkVS6mdoQvuWupt30=
-31,11,WmN09/iR71tuVsGdwH2mt0apYPo=,DZpof/G4JcrFTeyVgq5+noz+MdI=
-28,14,WmN09/iR71tuVsGdwH2mt0apYPo=,yAkNxLG1qVxhYoe67n6xXsCRI7I=
-27,14,WmN09/iR71tuVsGdwH2mt0apYPo=,yAkNxLG1qVxhYoe67n6xXsCRI7I=
-26,14,WmN09/iR71tuVsGdwH2mt0apYPo=,W+SRPn1ZvdKAHjUHQ/j+DxHY0Tc=
-31,12,WmN09/iR71tuVsGdwH2mt0apYPo=,8jBwhcNNGKTbhCONBFB3xxgFRpc=
-27,13,WmN09/iR71tuVsGdwH2mt0apYPo=,4uL+QvEieqh5KF/5ojdhhjNqU/E=
-26,13,WmN09/iR71tuVsGdwH2mt0apYPo=,ddvdu4zgYSsNt8b7X5f/n7pQumI=
-28,13,WmN09/iR71tuVsGdwH2mt0apYPo=,4uL+QvEieqh5KF/5ojdhhjNqU/E=
-29,9,uHNtaMqv716xz59UG/fBbK2Qp1Y=,VgeCSTwB6td2/RuifE/fnmUu9O4=
-29,10,uHNtaMqv716xz59UG/fBbK2Qp1Y=,qzrjYwN0wnn+PtUu6V5qhNjCEvM=
-28,11,uHNtaMqv716xz59UG/fBbK2Qp1Y=,Y1UpU5hNO8XbH40zXwLxScEwTL0=
-27,12,uHNtaMqv716xz59UG/fBbK2Qp1Y=,4uL+QvEieqh5KF/5ojdhhjNqU/E=
-28,9,uHNtaMqv716xz59UG/fBbK2Qp1Y=,ehLJnYCmjgMwihWxW2tt4k6OLqs=
-29,11,uHNtaMqv716xz59UG/fBbK2Qp1Y=,qzrjYwN0wnn+PtUu6V5qhNjCEvM=
-28,10,uHNtaMqv716xz59UG/fBbK2Qp1Y=,Y1UpU5hNO8XbH40zXwLxScEwTL0=
-28,12,lO6Rz23d9iDckkIKg9DFaHCGDlE=,4uL+QvEieqh5KF/5ojdhhjNqU/E=
-29,12,lO6Rz23d9iDckkIKg9DFaHCGDlE=,jcqCp+lfFijXYFH7lS3YTZqTUr0=
-27,11,lO6Rz23d9iDckkIKg9DFaHCGDlE=,Y1UpU5hNO8XbH40zXwLxScEwTL0=
-26,9,lO6Rz23d9iDckkIKg9DFaHCGDlE=,hyL3E+Lz06pLERRPCD5IWZFz2Z8=
-26,10,lO6Rz23d9iDckkIKg9DFaHCGDlE=,S+3IzsnyLh9oavECmwjqovRwKHU=
-27,9,lO6Rz23d9iDckkIKg9DFaHCGDlE=,ehLJnYCmjgMwihWxW2tt4k6OLqs=
-27,10,lO6Rz23d9iDckkIKg9DFaHCGDlE=,Y1UpU5hNO8XbH40zXwLxScEwTL0=
-26,11,lO6Rz23d9iDckkIKg9DFaHCGDlE=,S+3IzsnyLh9oavECmwjqovRwKHU=
-26,12,lO6Rz23d9iDckkIKg9DFaHCGDlE=,ddvdu4zgYSsNt8b7X5f/n7pQumI=
-25,10,lO6Rz23d9iDckkIKg9DFaHCGDlE=,S+3IzsnyLh9oavECmwjqovRwKHU=
-21,8,p7y6BxBNu4iRYrlJcW0r8zmu9Bg=,CPxNWqY3+0IKw+99fD2qaWPwplU=
-25,7,p7y6BxBNu4iRYrlJcW0r8zmu9Bg=,hoRGUwdVjbNtMsNpICplHzfe+o8=
-25,9,p7y6BxBNu4iRYrlJcW0r8zmu9Bg=,hyL3E+Lz06pLERRPCD5IWZFz2Z8=
-25,8,p7y6BxBNu4iRYrlJcW0r8zmu9Bg=,hyL3E+Lz06pLERRPCD5IWZFz2Z8=
-21,7,p7y6BxBNu4iRYrlJcW0r8zmu9Bg=,Lg/YZZ/ct7cwbbJMGLWsKAnnpZ0=
-20,7,p7y6BxBNu4iRYrlJcW0r8zmu9Bg=,zWHm/ApsWpaunhh8SXh0yeCJ0S8=
-22,10,p7y6BxBNu4iRYrlJcW0r8zmu9Bg=,PRXnsvd5M3fI98sVGHptmAUS3do=
-20,8,p7y6BxBNu4iRYrlJcW0r8zmu9Bg=,pV7D+HzP0cCRKCLr+yK8b0RfLuo=
-24,10,p7y6BxBNu4iRYrlJcW0r8zmu9Bg=,z95N9xb9/DtCFQy52RFC5AuviwA=
-23,10,p7y6BxBNu4iRYrlJcW0r8zmu9Bg=,z95N9xb9/DtCFQy52RFC5AuviwA=
-23,7,p7y6BxBNu4iRYrlJcW0r8zmu9Bg=,dPyr7vzVg/V8Q3Tz0OVCR9dGK2I=
-22,8,p7y6BxBNu4iRYrlJcW0r8zmu9Bg=,CPxNWqY3+0IKw+99fD2qaWPwplU=
-22,7,p7y6BxBNu4iRYrlJcW0r8zmu9Bg=,Lg/YZZ/ct7cwbbJMGLWsKAnnpZ0=
-24,9,p7y6BxBNu4iRYrlJcW0r8zmu9Bg=,itKPRFm84rL64p4zP+qcJjcn73c=
-24,7,qvBlpe2xFz2iLfZAo1ZpUsTawoQ=,dPyr7vzVg/V8Q3Tz0OVCR9dGK2I=
-24,8,qvBlpe2xFz2iLfZAo1ZpUsTawoQ=,itKPRFm84rL64p4zP+qcJjcn73c=
-23,8,qvBlpe2xFz2iLfZAo1ZpUsTawoQ=,itKPRFm84rL64p4zP+qcJjcn73c=
-20,10,qvBlpe2xFz2iLfZAo1ZpUsTawoQ=,ELZmBxKncapLCNgqd6zODZOu6II=
-22,9,qvBlpe2xFz2iLfZAo1ZpUsTawoQ=,CPxNWqY3+0IKw+99fD2qaWPwplU=
-23,9,qvBlpe2xFz2iLfZAo1ZpUsTawoQ=,itKPRFm84rL64p4zP+qcJjcn73c=
-21,9,qvBlpe2xFz2iLfZAo1ZpUsTawoQ=,CPxNWqY3+0IKw+99fD2qaWPwplU=
-20,9,qvBlpe2xFz2iLfZAo1ZpUsTawoQ=,pV7D+HzP0cCRKCLr+yK8b0RfLuo=
-21,10,qvBlpe2xFz2iLfZAo1ZpUsTawoQ=,PRXnsvd5M3fI98sVGHptmAUS3do=
-18,7,qvBlpe2xFz2iLfZAo1ZpUsTawoQ=,LKyj5XmJI11b0XalYYs7L8NASck=
-19,7,qvBlpe2xFz2iLfZAo1ZpUsTawoQ=,zWHm/ApsWpaunhh8SXh0yeCJ0S8=
-19,9,qvBlpe2xFz2iLfZAo1ZpUsTawoQ=,pV7D+HzP0cCRKCLr+yK8b0RfLuo=
-21,12,qvBlpe2xFz2iLfZAo1ZpUsTawoQ=,aumzqVPSEgji/CbE/HvXYINKSqo=
-19,8,qvBlpe2xFz2iLfZAo1ZpUsTawoQ=,pV7D+HzP0cCRKCLr+yK8b0RfLuo=
-18,10,qvBlpe2xFz2iLfZAo1ZpUsTawoQ=,HGPvjavPqvguqMInl6TOUo2OPmI=
-21,11,qvBlpe2xFz2iLfZAo1ZpUsTawoQ=,PRXnsvd5M3fI98sVGHptmAUS3do=
-18,11,qvBlpe2xFz2iLfZAo1ZpUsTawoQ=,HGPvjavPqvguqMInl6TOUo2OPmI=
-19,10,B9T1EUBAR1o3KMGz9YP5obv51Pg=,ELZmBxKncapLCNgqd6zODZOu6II=
-18,8,B9T1EUBAR1o3KMGz9YP5obv51Pg=,cacqhiKf12+Rq2pda0DYBecE9co=
-19,11,B9T1EUBAR1o3KMGz9YP5obv51Pg=,ELZmBxKncapLCNgqd6zODZOu6II=
-20,11,B9T1EUBAR1o3KMGz9YP5obv51Pg=,ELZmBxKncapLCNgqd6zODZOu6II=
-18,9,B9T1EUBAR1o3KMGz9YP5obv51Pg=,cacqhiKf12+Rq2pda0DYBecE9co=
-20,12,B9T1EUBAR1o3KMGz9YP5obv51Pg=,5wcrHZOYy5WmUs8N+LAJE12nq3M=
-18,12,B9T1EUBAR1o3KMGz9YP5obv51Pg=,AK6vHzVUWxKHX1RxIpc6q+LHagw=
-19,12,B9T1EUBAR1o3KMGz9YP5obv51Pg=,5wcrHZOYy5WmUs8N+LAJE12nq3M=
-21,13,B9T1EUBAR1o3KMGz9YP5obv51Pg=,aumzqVPSEgji/CbE/HvXYINKSqo=
-21,14,B9T1EUBAR1o3KMGz9YP5obv51Pg=,sdt2BBTrz8Vc4L9nQrmORh3JB3o=
-20,13,B9T1EUBAR1o3KMGz9YP5obv51Pg=,5wcrHZOYy5WmUs8N+LAJE12nq3M=
-20,14,B9T1EUBAR1o3KMGz9YP5obv51Pg=,IhZxqR0qqGBhkpjSThxyzy9tPXo=
-17,11,B9T1EUBAR1o3KMGz9YP5obv51Pg=,HGPvjavPqvguqMInl6TOUo2OPmI=
-17,12,B9T1EUBAR1o3KMGz9YP5obv51Pg=,AK6vHzVUWxKHX1RxIpc6q+LHagw=
-19,13,B9T1EUBAR1o3KMGz9YP5obv51Pg=,5wcrHZOYy5WmUs8N+LAJE12nq3M=
-19,15,B9T1EUBAR1o3KMGz9YP5obv51Pg=,IhZxqR0qqGBhkpjSThxyzy9tPXo=
-19,14,B9T1EUBAR1o3KMGz9YP5obv51Pg=,IhZxqR0qqGBhkpjSThxyzy9tPXo=
-18,15,B9T1EUBAR1o3KMGz9YP5obv51Pg=,UAwDn3Y0cntVhM/bJlGmU4VjiQ4=
-18,14,B9T1EUBAR1o3KMGz9YP5obv51Pg=,UAwDn3Y0cntVhM/bJlGmU4VjiQ4=
-17,13,B9T1EUBAR1o3KMGz9YP5obv51Pg=,AK6vHzVUWxKHX1RxIpc6q+LHagw=
-17,14,B9T1EUBAR1o3KMGz9YP5obv51Pg=,UAwDn3Y0cntVhM/bJlGmU4VjiQ4=
-17,10,B9T1EUBAR1o3KMGz9YP5obv51Pg=,HGPvjavPqvguqMInl6TOUo2OPmI=
-18,13,B9T1EUBAR1o3KMGz9YP5obv51Pg=,AK6vHzVUWxKHX1RxIpc6q+LHagw=
-17,9,3K/+33fpgZMFB7tbv01UlAYw19Y=,cacqhiKf12+Rq2pda0DYBecE9co=
-17,8,3K/+33fpgZMFB7tbv01UlAYw19Y=,cacqhiKf12+Rq2pda0DYBecE9co=
-17,7,3K/+33fpgZMFB7tbv01UlAYw19Y=,LKyj5XmJI11b0XalYYs7L8NASck=
-17,6,3K/+33fpgZMFB7tbv01UlAYw19Y=,LKyj5XmJI11b0XalYYs7L8NASck=
-17,2,3K/+33fpgZMFB7tbv01UlAYw19Y=,T1hPgmvY5YKXWnV7E1Mu55b3Tr4=
-17,5,3K/+33fpgZMFB7tbv01UlAYw19Y=,4XVPtJSiiekLIQo3XFpl3RcNAI4=
-17,4,3K/+33fpgZMFB7tbv01UlAYw19Y=,4XVPtJSiiekLIQo3XFpl3RcNAI4=
-17,1,3K/+33fpgZMFB7tbv01UlAYw19Y=,e4I/7O39rQSpbFjSNgqRfEBZdDA=
-17,3,3K/+33fpgZMFB7tbv01UlAYw19Y=,T1hPgmvY5YKXWnV7E1Mu55b3Tr4=
-24,4,3K/+33fpgZMFB7tbv01UlAYw19Y=,vcWEPf/jfNvjeenyrFSGhtq9bBQ=
-25,3,3K/+33fpgZMFB7tbv01UlAYw19Y=,WQQA1M1eeRPAWNu6e+VS6bqmoME=
-25,4,3K/+33fpgZMFB7tbv01UlAYw19Y=,H/895rpqmQXOKNoBQjw6BZoF/tU=
-24,3,3K/+33fpgZMFB7tbv01UlAYw19Y=,sniop4fRQk1ADo5ADoTkA6cfC/M=
-25,2,ET48hW5FOrVkHOWS6WMIB7x1BHA=,WQQA1M1eeRPAWNu6e+VS6bqmoME=
-25,1,ET48hW5FOrVkHOWS6WMIB7x1BHA=,5EwZTbh3P3VExNgf3gb0Nr/VOEQ=
-24,2,ET48hW5FOrVkHOWS6WMIB7x1BHA=,sniop4fRQk1ADo5ADoTkA6cfC/M=
-24,1,ET48hW5FOrVkHOWS6WMIB7x1BHA=,6qLYx1xIYVgxxJ8vUYPkX2gWm9Q=
-23,2,ET48hW5FOrVkHOWS6WMIB7x1BHA=,sniop4fRQk1ADo5ADoTkA6cfC/M=
-23,3,ET48hW5FOrVkHOWS6WMIB7x1BHA=,sniop4fRQk1ADo5ADoTkA6cfC/M=
-22,3,aQTIoejB1wrH9sQ6EA9dozWWJ/s=,xf1Yvmxwy6r5UBLY0RADZIUY3cY=
-20,4,aQTIoejB1wrH9sQ6EA9dozWWJ/s=,lLTWelOWB69IEs/prZatpDjS9aI=
-21,3,aQTIoejB1wrH9sQ6EA9dozWWJ/s=,xf1Yvmxwy6r5UBLY0RADZIUY3cY=
-22,4,aQTIoejB1wrH9sQ6EA9dozWWJ/s=,yO1Cv+vnghJxc4hqhW5nixDXbUI=
-20,3,aQTIoejB1wrH9sQ6EA9dozWWJ/s=,wMhLYrnehr/QRJfCYmHOOkMziuM=
-23,1,aQTIoejB1wrH9sQ6EA9dozWWJ/s=,6qLYx1xIYVgxxJ8vUYPkX2gWm9Q=
-21,4,aQTIoejB1wrH9sQ6EA9dozWWJ/s=,yO1Cv+vnghJxc4hqhW5nixDXbUI=
-23,4,aQTIoejB1wrH9sQ6EA9dozWWJ/s=,vcWEPf/jfNvjeenyrFSGhtq9bBQ=
-21,1,aQTIoejB1wrH9sQ6EA9dozWWJ/s=,/2LKDK4Kn9U/3d/hM6NBGroND6I=
-20,1,RIVpGt+WQMYaAy8/Z0mtXJcHQiM=,dGnrGy2czHXU3X8mJ3i/hoQdP+s=
-22,1,RIVpGt+WQMYaAy8/Z0mtXJcHQiM=,/2LKDK4Kn9U/3d/hM6NBGroND6I=
-26,4,RIVpGt+WQMYaAy8/Z0mtXJcHQiM=,H/895rpqmQXOKNoBQjw6BZoF/tU=
-22,2,RIVpGt+WQMYaAy8/Z0mtXJcHQiM=,xf1Yvmxwy6r5UBLY0RADZIUY3cY=
-21,2,RIVpGt+WQMYaAy8/Z0mtXJcHQiM=,xf1Yvmxwy6r5UBLY0RADZIUY3cY=
-26,1,RIVpGt+WQMYaAy8/Z0mtXJcHQiM=,5EwZTbh3P3VExNgf3gb0Nr/VOEQ=
-29,4,RIVpGt+WQMYaAy8/Z0mtXJcHQiM=,hOOwZI9zrrjJU6E8mJbT4IIxIcE=
-20,2,RIVpGt+WQMYaAy8/Z0mtXJcHQiM=,wMhLYrnehr/QRJfCYmHOOkMziuM=
-26,3,RIVpGt+WQMYaAy8/Z0mtXJcHQiM=,WQQA1M1eeRPAWNu6e+VS6bqmoME=
-29,3,RIVpGt+WQMYaAy8/Z0mtXJcHQiM=,Z6vMuEKzbB9RjZxXVduwBRpvqgc=
-27,2,RIVpGt+WQMYaAy8/Z0mtXJcHQiM=,o+TgPv01156GalWs1bTpeSs8xys=
-27,3,RIVpGt+WQMYaAy8/Z0mtXJcHQiM=,o+TgPv01156GalWs1bTpeSs8xys=
-28,3,RIVpGt+WQMYaAy8/Z0mtXJcHQiM=,o+TgPv01156GalWs1bTpeSs8xys=
-28,4,RIVpGt+WQMYaAy8/Z0mtXJcHQiM=,vLO1sCguDZlas1VWgwj2Lx1zfyI=
-27,4,RIVpGt+WQMYaAy8/Z0mtXJcHQiM=,vLO1sCguDZlas1VWgwj2Lx1zfyI=
-26,2,RIVpGt+WQMYaAy8/Z0mtXJcHQiM=,WQQA1M1eeRPAWNu6e+VS6bqmoME=
-27,1,RIVpGt+WQMYaAy8/Z0mtXJcHQiM=,OQEfguRt8a+gVFgHjPY5u5n8xgE=
-31,2,RIVpGt+WQMYaAy8/Z0mtXJcHQiM=,cXRDe4+BoC9KvX1pxAKL0O9e+QA=
-29,2,RIVpGt+WQMYaAy8/Z0mtXJcHQiM=,Z6vMuEKzbB9RjZxXVduwBRpvqgc=
-29,1,AmCFvibGXzkZ99ZqBZC2xUU8skY=,seH6auifli6/7ZJg9g931cv5WXQ=
-28,1,AmCFvibGXzkZ99ZqBZC2xUU8skY=,OQEfguRt8a+gVFgHjPY5u5n8xgE=
-28,2,AmCFvibGXzkZ99ZqBZC2xUU8skY=,o+TgPv01156GalWs1bTpeSs8xys=
-30,2,AmCFvibGXzkZ99ZqBZC2xUU8skY=,Z6vMuEKzbB9RjZxXVduwBRpvqgc=
-30,1,AmCFvibGXzkZ99ZqBZC2xUU8skY=,seH6auifli6/7ZJg9g931cv5WXQ=
-30,7,AmCFvibGXzkZ99ZqBZC2xUU8skY=,Ms4R7r8kl4U1/evQ88gc1SCI5E8=
-30,9,AmCFvibGXzkZ99ZqBZC2xUU8skY=,VgeCSTwB6td2/RuifE/fnmUu9O4=
-30,3,AmCFvibGXzkZ99ZqBZC2xUU8skY=,Z6vMuEKzbB9RjZxXVduwBRpvqgc=
-30,6,AmCFvibGXzkZ99ZqBZC2xUU8skY=,Ms4R7r8kl4U1/evQ88gc1SCI5E8=
-30,8,AmCFvibGXzkZ99ZqBZC2xUU8skY=,VgeCSTwB6td2/RuifE/fnmUu9O4=
-31,7,AmCFvibGXzkZ99ZqBZC2xUU8skY=,Qu7+QgaTK7EOkiBupJ2odTzp8WM=
-31,10,AmCFvibGXzkZ99ZqBZC2xUU8skY=,DZpof/G4JcrFTeyVgq5+noz+MdI=
-31,1,AmCFvibGXzkZ99ZqBZC2xUU8skY=,z8RpcuXTj41I3GN+3MajqVpfV9E=
-31,6,AmCFvibGXzkZ99ZqBZC2xUU8skY=,Qu7+QgaTK7EOkiBupJ2odTzp8WM=
-32,10,AmCFvibGXzkZ99ZqBZC2xUU8skY=,DZpof/G4JcrFTeyVgq5+noz+MdI=
-31,9,AmCFvibGXzkZ99ZqBZC2xUU8skY=,Q645ahoqtnAaGjLMm/tzOlG4ihM=
-32,12,AmCFvibGXzkZ99ZqBZC2xUU8skY=,8jBwhcNNGKTbhCONBFB3xxgFRpc=
-32,8,AmCFvibGXzkZ99ZqBZC2xUU8skY=,Q645ahoqtnAaGjLMm/tzOlG4ihM=
-32,11,AmCFvibGXzkZ99ZqBZC2xUU8skY=,DZpof/G4JcrFTeyVgq5+noz+MdI=
-31,3,AmCFvibGXzkZ99ZqBZC2xUU8skY=,cXRDe4+BoC9KvX1pxAKL0O9e+QA=
-30,5,AmCFvibGXzkZ99ZqBZC2xUU8skY=,hOOwZI9zrrjJU6E8mJbT4IIxIcE=
-32,9,AmCFvibGXzkZ99ZqBZC2xUU8skY=,Q645ahoqtnAaGjLMm/tzOlG4ihM=
-32,7,AmCFvibGXzkZ99ZqBZC2xUU8skY=,Qu7+QgaTK7EOkiBupJ2odTzp8WM=
-30,4,AmCFvibGXzkZ99ZqBZC2xUU8skY=,hOOwZI9zrrjJU6E8mJbT4IIxIcE=
-32,6,AmCFvibGXzkZ99ZqBZC2xUU8skY=,Qu7+QgaTK7EOkiBupJ2odTzp8WM=
-30,10,AmCFvibGXzkZ99ZqBZC2xUU8skY=,qzrjYwN0wnn+PtUu6V5qhNjCEvM=
-31,8,AmCFvibGXzkZ99ZqBZC2xUU8skY=,Q645ahoqtnAaGjLMm/tzOlG4ihM=
-28,15,AmCFvibGXzkZ99ZqBZC2xUU8skY=,yAkNxLG1qVxhYoe67n6xXsCRI7I=
-29,15,AmCFvibGXzkZ99ZqBZC2xUU8skY=,M6KdkbrJlnxkVS6mdoQvuWupt30=
-31,13,AmCFvibGXzkZ99ZqBZC2xUU8skY=,8jBwhcNNGKTbhCONBFB3xxgFRpc=
-30,13,AmCFvibGXzkZ99ZqBZC2xUU8skY=,jcqCp+lfFijXYFH7lS3YTZqTUr0=
-30,15,AmCFvibGXzkZ99ZqBZC2xUU8skY=,M6KdkbrJlnxkVS6mdoQvuWupt30=
-27,15,AmCFvibGXzkZ99ZqBZC2xUU8skY=,yAkNxLG1qVxhYoe67n6xXsCRI7I=
-32,13,AmCFvibGXzkZ99ZqBZC2xUU8skY=,8jBwhcNNGKTbhCONBFB3xxgFRpc=
-26,15,AmCFvibGXzkZ99ZqBZC2xUU8skY=,W+SRPn1ZvdKAHjUHQ/j+DxHY0Tc=
-30,14,AmCFvibGXzkZ99ZqBZC2xUU8skY=,M6KdkbrJlnxkVS6mdoQvuWupt30=
-25,15,AmCFvibGXzkZ99ZqBZC2xUU8skY=,W+SRPn1ZvdKAHjUHQ/j+DxHY0Tc=
-22,15,AmCFvibGXzkZ99ZqBZC2xUU8skY=,sdt2BBTrz8Vc4L9nQrmORh3JB3o=
-21,15,AmCFvibGXzkZ99ZqBZC2xUU8skY=,sdt2BBTrz8Vc4L9nQrmORh3JB3o=
-24,15,AmCFvibGXzkZ99ZqBZC2xUU8skY=,ptVAmWyEa6HgPUB7BwWOOwdW+LY=
-17,15,AmCFvibGXzkZ99ZqBZC2xUU8skY=,UAwDn3Y0cntVhM/bJlGmU4VjiQ4=
-22,12,AmCFvibGXzkZ99ZqBZC2xUU8skY=,aumzqVPSEgji/CbE/HvXYINKSqo=
-31,15,AmCFvibGXzkZ99ZqBZC2xUU8skY=,EuEje649hDDQfJJ+/grAuvzaoFQ=
-25,13,AmCFvibGXzkZ99ZqBZC2xUU8skY=,ddvdu4zgYSsNt8b7X5f/n7pQumI=
-23,11,AmCFvibGXzkZ99ZqBZC2xUU8skY=,z95N9xb9/DtCFQy52RFC5AuviwA=
-20,15,AmCFvibGXzkZ99ZqBZC2xUU8skY=,IhZxqR0qqGBhkpjSThxyzy9tPXo=
-22,11,AmCFvibGXzkZ99ZqBZC2xUU8skY=,PRXnsvd5M3fI98sVGHptmAUS3do=
-31,14,AmCFvibGXzkZ99ZqBZC2xUU8skY=,EuEje649hDDQfJJ+/grAuvzaoFQ=
-32,14,AmCFvibGXzkZ99ZqBZC2xUU8skY=,EuEje649hDDQfJJ+/grAuvzaoFQ=
-22,14,AmCFvibGXzkZ99ZqBZC2xUU8skY=,sdt2BBTrz8Vc4L9nQrmORh3JB3o=
-23,14,AmCFvibGXzkZ99ZqBZC2xUU8skY=,ptVAmWyEa6HgPUB7BwWOOwdW+LY=
-23,15,AmCFvibGXzkZ99ZqBZC2xUU8skY=,ptVAmWyEa6HgPUB7BwWOOwdW+LY=
-24,14,AmCFvibGXzkZ99ZqBZC2xUU8skY=,ptVAmWyEa6HgPUB7BwWOOwdW+LY=
-18,0,AmCFvibGXzkZ99ZqBZC2xUU8skY=,e4I/7O39rQSpbFjSNgqRfEBZdDA=
-22,0,AmCFvibGXzkZ99ZqBZC2xUU8skY=,/2LKDK4Kn9U/3d/hM6NBGroND6I=
-25,14,AmCFvibGXzkZ99ZqBZC2xUU8skY=,W+SRPn1ZvdKAHjUHQ/j+DxHY0Tc=
-23,0,AmCFvibGXzkZ99ZqBZC2xUU8skY=,6qLYx1xIYVgxxJ8vUYPkX2gWm9Q=
-25,11,AmCFvibGXzkZ99ZqBZC2xUU8skY=,S+3IzsnyLh9oavECmwjqovRwKHU=
-24,11,AmCFvibGXzkZ99ZqBZC2xUU8skY=,z95N9xb9/DtCFQy52RFC5AuviwA=
-25,12,AmCFvibGXzkZ99ZqBZC2xUU8skY=,ddvdu4zgYSsNt8b7X5f/n7pQumI=
-22,13,AmCFvibGXzkZ99ZqBZC2xUU8skY=,aumzqVPSEgji/CbE/HvXYINKSqo=
-24,0,AmCFvibGXzkZ99ZqBZC2xUU8skY=,6qLYx1xIYVgxxJ8vUYPkX2gWm9Q=
-19,0,AmCFvibGXzkZ99ZqBZC2xUU8skY=,dGnrGy2czHXU3X8mJ3i/hoQdP+s=
-26,0,AmCFvibGXzkZ99ZqBZC2xUU8skY=,5EwZTbh3P3VExNgf3gb0Nr/VOEQ=
-23,13,AmCFvibGXzkZ99ZqBZC2xUU8skY=,HdMPS0jI8UcCpGbCv35FD1Da+H4=
-25,0,AmCFvibGXzkZ99ZqBZC2xUU8skY=,5EwZTbh3P3VExNgf3gb0Nr/VOEQ=
-21,0,AmCFvibGXzkZ99ZqBZC2xUU8skY=,/2LKDK4Kn9U/3d/hM6NBGroND6I=
-32,15,AmCFvibGXzkZ99ZqBZC2xUU8skY=,EuEje649hDDQfJJ+/grAuvzaoFQ=
-20,0,AmCFvibGXzkZ99ZqBZC2xUU8skY=,dGnrGy2czHXU3X8mJ3i/hoQdP+s=
-27,0,AmCFvibGXzkZ99ZqBZC2xUU8skY=,OQEfguRt8a+gVFgHjPY5u5n8xgE=
-30,0,AmCFvibGXzkZ99ZqBZC2xUU8skY=,seH6auifli6/7ZJg9g931cv5WXQ=
-31,0,AmCFvibGXzkZ99ZqBZC2xUU8skY=,z8RpcuXTj41I3GN+3MajqVpfV9E=
-32,0,AmCFvibGXzkZ99ZqBZC2xUU8skY=,z8RpcuXTj41I3GN+3MajqVpfV9E=
-28,0,AmCFvibGXzkZ99ZqBZC2xUU8skY=,OQEfguRt8a+gVFgHjPY5u5n8xgE=
-32,1,AmCFvibGXzkZ99ZqBZC2xUU8skY=,z8RpcuXTj41I3GN+3MajqVpfV9E=
-17,0,AmCFvibGXzkZ99ZqBZC2xUU8skY=,e4I/7O39rQSpbFjSNgqRfEBZdDA=
-29,0,AmCFvibGXzkZ99ZqBZC2xUU8skY=,seH6auifli6/7ZJg9g931cv5WXQ=
-32,3,AmCFvibGXzkZ99ZqBZC2xUU8skY=,cXRDe4+BoC9KvX1pxAKL0O9e+QA=
-32,2,AmCFvibGXzkZ99ZqBZC2xUU8skY=,cXRDe4+BoC9KvX1pxAKL0O9e+QA=
-31,5,AmCFvibGXzkZ99ZqBZC2xUU8skY=,GGhJNoi+lTD0Gc27JeNk19TLHhk=
-32,5,AmCFvibGXzkZ99ZqBZC2xUU8skY=,GGhJNoi+lTD0Gc27JeNk19TLHhk=
-31,4,AmCFvibGXzkZ99ZqBZC2xUU8skY=,GGhJNoi+lTD0Gc27JeNk19TLHhk=
-32,4,AmCFvibGXzkZ99ZqBZC2xUU8skY=,GGhJNoi+lTD0Gc27JeNk19TLHhk=
-24,13,AmCFvibGXzkZ99ZqBZC2xUU8skY=,HdMPS0jI8UcCpGbCv35FD1Da+H4=
-24,12,AmCFvibGXzkZ99ZqBZC2xUU8skY=,HdMPS0jI8UcCpGbCv35FD1Da+H4=
-23,12,AmCFvibGXzkZ99ZqBZC2xUU8skY=,HdMPS0jI8UcCpGbCv35FD1Da+H4=
-19,27,AmCFvibGXzkZ99ZqBZC2xUU8skY=,mcctRHOniARfNYrygbiTHjqhOLM=
-18,27,AmCFvibGXzkZ99ZqBZC2xUU8skY=,c7B6p1cMHSd/f/pOYhvVFCh6lig=
-18,28,AmCFvibGXzkZ99ZqBZC2xUU8skY=,hQHyojSoBuNPyNqZjxVwnyUE420=
-19,28,AmCFvibGXzkZ99ZqBZC2xUU8skY=,jZSnP5Kp55E2fS258oArqZqu7hA=
-18,26,AmCFvibGXzkZ99ZqBZC2xUU8skY=,c7B6p1cMHSd/f/pOYhvVFCh6lig=
-19,26,AmCFvibGXzkZ99ZqBZC2xUU8skY=,mcctRHOniARfNYrygbiTHjqhOLM=
-18,25,AmCFvibGXzkZ99ZqBZC2xUU8skY=,+1jp6gtaZ0tR49kgx7LRu409YM4=
-19,25,AmCFvibGXzkZ99ZqBZC2xUU8skY=,HVmUb4w0UlTmtCm1Ymdhw8sf964=
-22,23,OFxBL8V8qYqM226J8YB4KbNmRQk=,YjKItsWiZJwJV6hjnTxp2ZovCvE=
-22,24,OFxBL8V8qYqM226J8YB4KbNmRQk=,XhQ5sRL+ZWTvoGguKyZNGdjH/O0=
-23,23,OFxBL8V8qYqM226J8YB4KbNmRQk=,GIEbppeROT+cqLhFNO9JQx9Xodo=
-23,24,OFxBL8V8qYqM226J8YB4KbNmRQk=,xZrlZ0RqkQhFE0E2xHStBE1w9FQ=
-24,24,OFxBL8V8qYqM226J8YB4KbNmRQk=,xZrlZ0RqkQhFE0E2xHStBE1w9FQ=
-24,23,OFxBL8V8qYqM226J8YB4KbNmRQk=,GIEbppeROT+cqLhFNO9JQx9Xodo=
-25,23,OFxBL8V8qYqM226J8YB4KbNmRQk=,bu3JOsYOAyrvvBJrbou693/QRTQ=
-25,24,OFxBL8V8qYqM226J8YB4KbNmRQk=,Hea2lwcSeQtf9oa5OgyUqyF5B5g=
-27,23,OFxBL8V8qYqM226J8YB4KbNmRQk=,XEiaKw+KSmf62Cum3IUzYjpFB5o=
-27,24,OFxBL8V8qYqM226J8YB4KbNmRQk=,8r2TBj6ShBS8/LxfN/BR8C6euLs=
-26,24,OFxBL8V8qYqM226J8YB4KbNmRQk=,Hea2lwcSeQtf9oa5OgyUqyF5B5g=
-26,23,OFxBL8V8qYqM226J8YB4KbNmRQk=,bu3JOsYOAyrvvBJrbou693/QRTQ=
-28,24,OFxBL8V8qYqM226J8YB4KbNmRQk=,8r2TBj6ShBS8/LxfN/BR8C6euLs=
-28,23,OFxBL8V8qYqM226J8YB4KbNmRQk=,XEiaKw+KSmf62Cum3IUzYjpFB5o=
-29,24,OFxBL8V8qYqM226J8YB4KbNmRQk=,Npxe7bGnfhzX7TK1XnIKJhIx730=
-29,23,OFxBL8V8qYqM226J8YB4KbNmRQk=,NCyUpe4Bevu0GtHIPczrCfvqe8E=
-28,25,OFxBL8V8qYqM226J8YB4KbNmRQk=,8r2TBj6ShBS8/LxfN/BR8C6euLs=
-29,25,OFxBL8V8qYqM226J8YB4KbNmRQk=,Npxe7bGnfhzX7TK1XnIKJhIx730=
-29,26,OFxBL8V8qYqM226J8YB4KbNmRQk=,LkZ3IJSDEvFo/vm0UoBJV1PqvwM=
-28,26,OFxBL8V8qYqM226J8YB4KbNmRQk=,AT6/g9iAtgGsYbq5hTTh/HNJbyY=
-28,22,OFxBL8V8qYqM226J8YB4KbNmRQk=,XEiaKw+KSmf62Cum3IUzYjpFB5o=
-29,21,OFxBL8V8qYqM226J8YB4KbNmRQk=,aho4145bxKSxjTnmSCIuUodfxR8=
-29,22,OFxBL8V8qYqM226J8YB4KbNmRQk=,NCyUpe4Bevu0GtHIPczrCfvqe8E=
-28,21,OFxBL8V8qYqM226J8YB4KbNmRQk=,I3TY1Rwe8hJT1LuaqBkYvZ3bRl4=
-28,20,OFxBL8V8qYqM226J8YB4KbNmRQk=,I3TY1Rwe8hJT1LuaqBkYvZ3bRl4=
-28,19,yyk29O0Fav/TCeahOzX516Wxvq8=,tNzeJzxdoT5E67de5Hc5gDHY/pg=
-29,20,yyk29O0Fav/TCeahOzX516Wxvq8=,aho4145bxKSxjTnmSCIuUodfxR8=
-29,19,yyk29O0Fav/TCeahOzX516Wxvq8=,yqhpaBPKNBeHQZnMA9AsH/7afOU=
-29,17,yyk29O0Fav/TCeahOzX516Wxvq8=,5GHDfWv0/+kUtZZtjbabnQoQkyY=
-28,17,yyk29O0Fav/TCeahOzX516Wxvq8=,euHLl/IOuWwrah9wVC0Vdw7a3Ug=
-29,18,yyk29O0Fav/TCeahOzX516Wxvq8=,yqhpaBPKNBeHQZnMA9AsH/7afOU=
-28,18,yyk29O0Fav/TCeahOzX516Wxvq8=,tNzeJzxdoT5E67de5Hc5gDHY/pg=
-30,18,yyk29O0Fav/TCeahOzX516Wxvq8=,yqhpaBPKNBeHQZnMA9AsH/7afOU=
-30,17,yyk29O0Fav/TCeahOzX516Wxvq8=,5GHDfWv0/+kUtZZtjbabnQoQkyY=
-31,17,yyk29O0Fav/TCeahOzX516Wxvq8=,Ceh+Jn3YFI9kYQCndGZsFAyfkIc=
-31,18,yyk29O0Fav/TCeahOzX516Wxvq8=,sG9wACUijijJLBhwzarD3052aAg=
-27,17,yyk29O0Fav/TCeahOzX516Wxvq8=,euHLl/IOuWwrah9wVC0Vdw7a3Ug=
-26,17,yyk29O0Fav/TCeahOzX516Wxvq8=,lmEw/JdEh3XgeVliDMY4KSRkimc=
-26,18,yyk29O0Fav/TCeahOzX516Wxvq8=,4mEo8pdVX24nij5PJ2WVtEm941g=
-27,18,yyk29O0Fav/TCeahOzX516Wxvq8=,tNzeJzxdoT5E67de5Hc5gDHY/pg=
-24,18,yyk29O0Fav/TCeahOzX516Wxvq8=,cK31/l5P9ARhxsPrmgbzzr8JhIk=
-25,17,yyk29O0Fav/TCeahOzX516Wxvq8=,lmEw/JdEh3XgeVliDMY4KSRkimc=
-25,18,yyk29O0Fav/TCeahOzX516Wxvq8=,4mEo8pdVX24nij5PJ2WVtEm941g=
-24,17,yyk29O0Fav/TCeahOzX516Wxvq8=,LUBjPGzauaiPeV/Tl3agTQL5VHY=
-23,18,yyk29O0Fav/TCeahOzX516Wxvq8=,cK31/l5P9ARhxsPrmgbzzr8JhIk=
-23,17,QCKImh4ktVos0ndkynbLi2w1oCU=,LUBjPGzauaiPeV/Tl3agTQL5VHY=
-22,17,QCKImh4ktVos0ndkynbLi2w1oCU=,JLV7SZoj8SpnoQuZ8DWWweWnxLs=
-22,18,QCKImh4ktVos0ndkynbLi2w1oCU=,1YbUtXIunluQp/IvXV1HczG22Qg=
-21,20,QCKImh4ktVos0ndkynbLi2w1oCU=,D/Ln9xKi7GnVbUlLzVUqwMH2FjQ=
-18,20,QCKImh4ktVos0ndkynbLi2w1oCU=,Ey9S9YZBvHoP+HzAqmxJEUGJcuQ=
-19,20,QCKImh4ktVos0ndkynbLi2w1oCU=,t9jVbI0hqzeCY8rRdL0AfpXuaLI=
-20,20,QCKImh4ktVos0ndkynbLi2w1oCU=,t9jVbI0hqzeCY8rRdL0AfpXuaLI=
-21,19,QCKImh4ktVos0ndkynbLi2w1oCU=,1YbUtXIunluQp/IvXV1HczG22Qg=
-18,19,QCKImh4ktVos0ndkynbLi2w1oCU=,8NSIhEg03cjrKeTo3dRpqxjHB9A=
-19,19,QCKImh4ktVos0ndkynbLi2w1oCU=,AuxMyA/pAy3KRetM3ZsLb0N/0cs=
-20,19,QCKImh4ktVos0ndkynbLi2w1oCU=,AuxMyA/pAy3KRetM3ZsLb0N/0cs=
-20,17,Gln+pLWN8wzqYRcqcwGjTPsGtYU=,667r5Zkq3JanG0VZq3AOiDPlc8g=
-21,17,Gln+pLWN8wzqYRcqcwGjTPsGtYU=,JLV7SZoj8SpnoQuZ8DWWweWnxLs=
-19,18,Gln+pLWN8wzqYRcqcwGjTPsGtYU=,AuxMyA/pAy3KRetM3ZsLb0N/0cs=
-19,17,Gln+pLWN8wzqYRcqcwGjTPsGtYU=,667r5Zkq3JanG0VZq3AOiDPlc8g=
-17,18,Gln+pLWN8wzqYRcqcwGjTPsGtYU=,8NSIhEg03cjrKeTo3dRpqxjHB9A=
-21,18,Gln+pLWN8wzqYRcqcwGjTPsGtYU=,1YbUtXIunluQp/IvXV1HczG22Qg=
-18,17,Gln+pLWN8wzqYRcqcwGjTPsGtYU=,ZP3DMQy8dk62RQ7nZNLAy0rI5lE=
-20,18,Gln+pLWN8wzqYRcqcwGjTPsGtYU=,AuxMyA/pAy3KRetM3ZsLb0N/0cs=
-19,16,Gln+pLWN8wzqYRcqcwGjTPsGtYU=,667r5Zkq3JanG0VZq3AOiDPlc8g=
-18,18,Gln+pLWN8wzqYRcqcwGjTPsGtYU=,8NSIhEg03cjrKeTo3dRpqxjHB9A=
-17,17,X5obn5+zo2nDXE7gLmFj6gS36lA=,ZP3DMQy8dk62RQ7nZNLAy0rI5lE=
-18,16,X5obn5+zo2nDXE7gLmFj6gS36lA=,ZP3DMQy8dk62RQ7nZNLAy0rI5lE=
-25,16,X5obn5+zo2nDXE7gLmFj6gS36lA=,lmEw/JdEh3XgeVliDMY4KSRkimc=
-24,16,X5obn5+zo2nDXE7gLmFj6gS36lA=,LUBjPGzauaiPeV/Tl3agTQL5VHY=
-26,16,X5obn5+zo2nDXE7gLmFj6gS36lA=,lmEw/JdEh3XgeVliDMY4KSRkimc=
-20,16,X5obn5+zo2nDXE7gLmFj6gS36lA=,667r5Zkq3JanG0VZq3AOiDPlc8g=
-27,16,X5obn5+zo2nDXE7gLmFj6gS36lA=,euHLl/IOuWwrah9wVC0Vdw7a3Ug=
-22,16,X5obn5+zo2nDXE7gLmFj6gS36lA=,JLV7SZoj8SpnoQuZ8DWWweWnxLs=
-28,16,X5obn5+zo2nDXE7gLmFj6gS36lA=,euHLl/IOuWwrah9wVC0Vdw7a3Ug=
-29,16,X5obn5+zo2nDXE7gLmFj6gS36lA=,5GHDfWv0/+kUtZZtjbabnQoQkyY=
-21,16,X5obn5+zo2nDXE7gLmFj6gS36lA=,JLV7SZoj8SpnoQuZ8DWWweWnxLs=
-23,16,X5obn5+zo2nDXE7gLmFj6gS36lA=,LUBjPGzauaiPeV/Tl3agTQL5VHY=
-30,16,X5obn5+zo2nDXE7gLmFj6gS36lA=,5GHDfWv0/+kUtZZtjbabnQoQkyY=
-31,16,X5obn5+zo2nDXE7gLmFj6gS36lA=,Ceh+Jn3YFI9kYQCndGZsFAyfkIc=
-32,18,X5obn5+zo2nDXE7gLmFj6gS36lA=,sG9wACUijijJLBhwzarD3052aAg=
-32,17,X5obn5+zo2nDXE7gLmFj6gS36lA=,Ceh+Jn3YFI9kYQCndGZsFAyfkIc=
-30,19,X5obn5+zo2nDXE7gLmFj6gS36lA=,yqhpaBPKNBeHQZnMA9AsH/7afOU=
-30,20,X5obn5+zo2nDXE7gLmFj6gS36lA=,aho4145bxKSxjTnmSCIuUodfxR8=
-31,19,f/lirzN/c1jn13o3iOljeD0p0W4=,sG9wACUijijJLBhwzarD3052aAg=
-31,20,f/lirzN/c1jn13o3iOljeD0p0W4=,Jvp1mabwndMz1ba227SEcoDvkmM=
-30,25,f/lirzN/c1jn13o3iOljeD0p0W4=,Npxe7bGnfhzX7TK1XnIKJhIx730=
-30,26,f/lirzN/c1jn13o3iOljeD0p0W4=,LkZ3IJSDEvFo/vm0UoBJV1PqvwM=
-31,26,f/lirzN/c1jn13o3iOljeD0p0W4=,/GxGoTM98R71oFaZp3f17bNIksY=
-31,25,f/lirzN/c1jn13o3iOljeD0p0W4=,5c1P/79ORB6RY3lg/ybFtr6ZyWM=
-30,23,f/lirzN/c1jn13o3iOljeD0p0W4=,NCyUpe4Bevu0GtHIPczrCfvqe8E=
-30,22,f/lirzN/c1jn13o3iOljeD0p0W4=,NCyUpe4Bevu0GtHIPczrCfvqe8E=
-30,21,f/lirzN/c1jn13o3iOljeD0p0W4=,aho4145bxKSxjTnmSCIuUodfxR8=
-30,24,f/lirzN/c1jn13o3iOljeD0p0W4=,Npxe7bGnfhzX7TK1XnIKJhIx730=
-31,21,f/lirzN/c1jn13o3iOljeD0p0W4=,Jvp1mabwndMz1ba227SEcoDvkmM=
-31,22,f/lirzN/c1jn13o3iOljeD0p0W4=,y8K28UQvXzU+TwzRsvRcpQtaUv4=
-31,23,f/lirzN/c1jn13o3iOljeD0p0W4=,y8K28UQvXzU+TwzRsvRcpQtaUv4=
-31,24,f/lirzN/c1jn13o3iOljeD0p0W4=,5c1P/79ORB6RY3lg/ybFtr6ZyWM=
-28,28,f/lirzN/c1jn13o3iOljeD0p0W4=,yqyE7JcRpWWS+jf7UqWGjbwioTY=
-29,27,f/lirzN/c1jn13o3iOljeD0p0W4=,LkZ3IJSDEvFo/vm0UoBJV1PqvwM=
-31,28,f/lirzN/c1jn13o3iOljeD0p0W4=,a6RfeRc95gZLDn755WnWsDuzGfo=
-31,27,f/lirzN/c1jn13o3iOljeD0p0W4=,/GxGoTM98R71oFaZp3f17bNIksY=
-28,27,f/lirzN/c1jn13o3iOljeD0p0W4=,AT6/g9iAtgGsYbq5hTTh/HNJbyY=
-30,27,f/lirzN/c1jn13o3iOljeD0p0W4=,LkZ3IJSDEvFo/vm0UoBJV1PqvwM=
-29,28,f/lirzN/c1jn13o3iOljeD0p0W4=,vSXeB5dqWsW9D0VQvuv63RC4Ei8=
-30,28,f/lirzN/c1jn13o3iOljeD0p0W4=,vSXeB5dqWsW9D0VQvuv63RC4Ei8=
-26,25,XIBbbVJ6g8ls4WY5DxxGowbexVU=,Hea2lwcSeQtf9oa5OgyUqyF5B5g=
-27,26,XIBbbVJ6g8ls4WY5DxxGowbexVU=,AT6/g9iAtgGsYbq5hTTh/HNJbyY=
-27,25,XIBbbVJ6g8ls4WY5DxxGowbexVU=,8r2TBj6ShBS8/LxfN/BR8C6euLs=
-27,27,XIBbbVJ6g8ls4WY5DxxGowbexVU=,AT6/g9iAtgGsYbq5hTTh/HNJbyY=
-27,28,XIBbbVJ6g8ls4WY5DxxGowbexVU=,yqyE7JcRpWWS+jf7UqWGjbwioTY=
-26,28,XIBbbVJ6g8ls4WY5DxxGowbexVU=,QAxhiaBlL5SyICCE6kGziX/iOrQ=
-26,27,XIBbbVJ6g8ls4WY5DxxGowbexVU=,34rvsd7o43W2G7airYmOrM8cb00=
-26,26,XIBbbVJ6g8ls4WY5DxxGowbexVU=,34rvsd7o43W2G7airYmOrM8cb00=
-25,26,XIBbbVJ6g8ls4WY5DxxGowbexVU=,34rvsd7o43W2G7airYmOrM8cb00=
-25,25,XIBbbVJ6g8ls4WY5DxxGowbexVU=,Hea2lwcSeQtf9oa5OgyUqyF5B5g=
-24,26,XIBbbVJ6g8ls4WY5DxxGowbexVU=,AIfPrjFyZG34TrMjy70LBLd9J64=
-24,25,XIBbbVJ6g8ls4WY5DxxGowbexVU=,xZrlZ0RqkQhFE0E2xHStBE1w9FQ=
-23,25,XIBbbVJ6g8ls4WY5DxxGowbexVU=,xZrlZ0RqkQhFE0E2xHStBE1w9FQ=
-23,26,XIBbbVJ6g8ls4WY5DxxGowbexVU=,AIfPrjFyZG34TrMjy70LBLd9J64=
-21,26,XIBbbVJ6g8ls4WY5DxxGowbexVU=,6Y0xeYNFMWje80FL1reDK57Hybs=
-22,25,XIBbbVJ6g8ls4WY5DxxGowbexVU=,XhQ5sRL+ZWTvoGguKyZNGdjH/O0=
-21,25,XIBbbVJ6g8ls4WY5DxxGowbexVU=,XhQ5sRL+ZWTvoGguKyZNGdjH/O0=
-22,26,XIBbbVJ6g8ls4WY5DxxGowbexVU=,6Y0xeYNFMWje80FL1reDK57Hybs=
-20,27,XIBbbVJ6g8ls4WY5DxxGowbexVU=,mcctRHOniARfNYrygbiTHjqhOLM=
-20,25,XIBbbVJ6g8ls4WY5DxxGowbexVU=,HVmUb4w0UlTmtCm1Ymdhw8sf964=
-20,28,XIBbbVJ6g8ls4WY5DxxGowbexVU=,jZSnP5Kp55E2fS258oArqZqu7hA=
-21,28,XIBbbVJ6g8ls4WY5DxxGowbexVU=,+5s5kWq9MeZaz+XTyQ6p6x2Ayj8=
-20,26,XIBbbVJ6g8ls4WY5DxxGowbexVU=,mcctRHOniARfNYrygbiTHjqhOLM=
-21,27,XIBbbVJ6g8ls4WY5DxxGowbexVU=,6Y0xeYNFMWje80FL1reDK57Hybs=
-24,27,47dFJWOx5v47pABn8uB0+DKGvaY=,AIfPrjFyZG34TrMjy70LBLd9J64=
-23,27,47dFJWOx5v47pABn8uB0+DKGvaY=,AIfPrjFyZG34TrMjy70LBLd9J64=
-25,28,47dFJWOx5v47pABn8uB0+DKGvaY=,QAxhiaBlL5SyICCE6kGziX/iOrQ=
-24,28,47dFJWOx5v47pABn8uB0+DKGvaY=,Ha13liDbUZiRnIV3YKqDiJ98lCQ=
-25,27,47dFJWOx5v47pABn8uB0+DKGvaY=,34rvsd7o43W2G7airYmOrM8cb00=
-22,28,47dFJWOx5v47pABn8uB0+DKGvaY=,+5s5kWq9MeZaz+XTyQ6p6x2Ayj8=
-22,27,47dFJWOx5v47pABn8uB0+DKGvaY=,6Y0xeYNFMWje80FL1reDK57Hybs=
-23,28,47dFJWOx5v47pABn8uB0+DKGvaY=,Ha13liDbUZiRnIV3YKqDiJ98lCQ=
-17,22,47dFJWOx5v47pABn8uB0+DKGvaY=,09tDcDzi/eGeJTUZyrAV9CIlOco=
-21,24,47dFJWOx5v47pABn8uB0+DKGvaY=,XhQ5sRL+ZWTvoGguKyZNGdjH/O0=
-19,21,EKHChmb/TxKJs3iipqKeWXFgxmw=,t9jVbI0hqzeCY8rRdL0AfpXuaLI=
-20,21,EKHChmb/TxKJs3iipqKeWXFgxmw=,t9jVbI0hqzeCY8rRdL0AfpXuaLI=
-17,28,EKHChmb/TxKJs3iipqKeWXFgxmw=,hQHyojSoBuNPyNqZjxVwnyUE420=
-17,21,EKHChmb/TxKJs3iipqKeWXFgxmw=,Ey9S9YZBvHoP+HzAqmxJEUGJcuQ=
-21,22,EKHChmb/TxKJs3iipqKeWXFgxmw=,YjKItsWiZJwJV6hjnTxp2ZovCvE=
-17,20,EKHChmb/TxKJs3iipqKeWXFgxmw=,Ey9S9YZBvHoP+HzAqmxJEUGJcuQ=
-17,27,EKHChmb/TxKJs3iipqKeWXFgxmw=,c7B6p1cMHSd/f/pOYhvVFCh6lig=
-21,21,EKHChmb/TxKJs3iipqKeWXFgxmw=,D/Ln9xKi7GnVbUlLzVUqwMH2FjQ=
-18,21,EKHChmb/TxKJs3iipqKeWXFgxmw=,Ey9S9YZBvHoP+HzAqmxJEUGJcuQ=
-21,23,EKHChmb/TxKJs3iipqKeWXFgxmw=,YjKItsWiZJwJV6hjnTxp2ZovCvE=
-20,23,EKHChmb/TxKJs3iipqKeWXFgxmw=,LlQJF6Uol9Fmbxpd2QlBRj7Ik6A=
-19,23,EKHChmb/TxKJs3iipqKeWXFgxmw=,LlQJF6Uol9Fmbxpd2QlBRj7Ik6A=
-19,22,EKHChmb/TxKJs3iipqKeWXFgxmw=,LlQJF6Uol9Fmbxpd2QlBRj7Ik6A=
-20,22,EKHChmb/TxKJs3iipqKeWXFgxmw=,LlQJF6Uol9Fmbxpd2QlBRj7Ik6A=
-17,23,EKHChmb/TxKJs3iipqKeWXFgxmw=,09tDcDzi/eGeJTUZyrAV9CIlOco=
-17,25,EKHChmb/TxKJs3iipqKeWXFgxmw=,+1jp6gtaZ0tR49kgx7LRu409YM4=
-17,24,EKHChmb/TxKJs3iipqKeWXFgxmw=,+1jp6gtaZ0tR49kgx7LRu409YM4=
-17,26,EKHChmb/TxKJs3iipqKeWXFgxmw=,c7B6p1cMHSd/f/pOYhvVFCh6lig=
-18,23,EKHChmb/TxKJs3iipqKeWXFgxmw=,09tDcDzi/eGeJTUZyrAV9CIlOco=
-18,22,EKHChmb/TxKJs3iipqKeWXFgxmw=,09tDcDzi/eGeJTUZyrAV9CIlOco=
-18,24,EKHChmb/TxKJs3iipqKeWXFgxmw=,+1jp6gtaZ0tR49kgx7LRu409YM4=
-19,24,EKHChmb/TxKJs3iipqKeWXFgxmw=,HVmUb4w0UlTmtCm1Ymdhw8sf964=
-20,24,EKHChmb/TxKJs3iipqKeWXFgxmw=,HVmUb4w0UlTmtCm1Ymdhw8sf964=
-17,19,EKHChmb/TxKJs3iipqKeWXFgxmw=,8NSIhEg03cjrKeTo3dRpqxjHB9A=
-32,26,EKHChmb/TxKJs3iipqKeWXFgxmw=,/GxGoTM98R71oFaZp3f17bNIksY=
-32,25,EKHChmb/TxKJs3iipqKeWXFgxmw=,5c1P/79ORB6RY3lg/ybFtr6ZyWM=
-27,19,fT3hnQgIM+BrSSW22g2hpV/t4kk=,tNzeJzxdoT5E67de5Hc5gDHY/pg=
-26,19,fT3hnQgIM+BrSSW22g2hpV/t4kk=,4mEo8pdVX24nij5PJ2WVtEm941g=
-25,22,fT3hnQgIM+BrSSW22g2hpV/t4kk=,bu3JOsYOAyrvvBJrbou693/QRTQ=
-27,22,fT3hnQgIM+BrSSW22g2hpV/t4kk=,XEiaKw+KSmf62Cum3IUzYjpFB5o=
-27,21,fT3hnQgIM+BrSSW22g2hpV/t4kk=,I3TY1Rwe8hJT1LuaqBkYvZ3bRl4=
-26,22,fT3hnQgIM+BrSSW22g2hpV/t4kk=,bu3JOsYOAyrvvBJrbou693/QRTQ=
-32,27,fT3hnQgIM+BrSSW22g2hpV/t4kk=,/GxGoTM98R71oFaZp3f17bNIksY=
-27,20,fT3hnQgIM+BrSSW22g2hpV/t4kk=,I3TY1Rwe8hJT1LuaqBkYvZ3bRl4=
-32,24,fT3hnQgIM+BrSSW22g2hpV/t4kk=,5c1P/79ORB6RY3lg/ybFtr6ZyWM=
-26,21,fT3hnQgIM+BrSSW22g2hpV/t4kk=,Sbccr+51VoZnJIB8BUJkJ6ulbmE=
-26,20,fT3hnQgIM+BrSSW22g2hpV/t4kk=,Sbccr+51VoZnJIB8BUJkJ6ulbmE=
-32,28,fT3hnQgIM+BrSSW22g2hpV/t4kk=,a6RfeRc95gZLDn755WnWsDuzGfo=
-32,23,fT3hnQgIM+BrSSW22g2hpV/t4kk=,y8K28UQvXzU+TwzRsvRcpQtaUv4=
-22,19,fT3hnQgIM+BrSSW22g2hpV/t4kk=,1YbUtXIunluQp/IvXV1HczG22Qg=
-24,22,fT3hnQgIM+BrSSW22g2hpV/t4kk=,GIEbppeROT+cqLhFNO9JQx9Xodo=
-32,22,fT3hnQgIM+BrSSW22g2hpV/t4kk=,y8K28UQvXzU+TwzRsvRcpQtaUv4=
-32,20,fT3hnQgIM+BrSSW22g2hpV/t4kk=,Jvp1mabwndMz1ba227SEcoDvkmM=
-32,21,fT3hnQgIM+BrSSW22g2hpV/t4kk=,Jvp1mabwndMz1ba227SEcoDvkmM=
-22,21,fT3hnQgIM+BrSSW22g2hpV/t4kk=,D/Ln9xKi7GnVbUlLzVUqwMH2FjQ=
-22,22,fT3hnQgIM+BrSSW22g2hpV/t4kk=,YjKItsWiZJwJV6hjnTxp2ZovCvE=
-25,20,fT3hnQgIM+BrSSW22g2hpV/t4kk=,Sbccr+51VoZnJIB8BUJkJ6ulbmE=
-32,19,fT3hnQgIM+BrSSW22g2hpV/t4kk=,sG9wACUijijJLBhwzarD3052aAg=
-25,19,fT3hnQgIM+BrSSW22g2hpV/t4kk=,4mEo8pdVX24nij5PJ2WVtEm941g=
-23,22,fT3hnQgIM+BrSSW22g2hpV/t4kk=,GIEbppeROT+cqLhFNO9JQx9Xodo=
-22,20,fT3hnQgIM+BrSSW22g2hpV/t4kk=,D/Ln9xKi7GnVbUlLzVUqwMH2FjQ=
-24,19,fT3hnQgIM+BrSSW22g2hpV/t4kk=,cK31/l5P9ARhxsPrmgbzzr8JhIk=
-25,21,fT3hnQgIM+BrSSW22g2hpV/t4kk=,Sbccr+51VoZnJIB8BUJkJ6ulbmE=
-21,29,fT3hnQgIM+BrSSW22g2hpV/t4kk=,+5s5kWq9MeZaz+XTyQ6p6x2Ayj8=
-20,29,fT3hnQgIM+BrSSW22g2hpV/t4kk=,jZSnP5Kp55E2fS258oArqZqu7hA=
-23,19,fT3hnQgIM+BrSSW22g2hpV/t4kk=,cK31/l5P9ARhxsPrmgbzzr8JhIk=
-32,16,fT3hnQgIM+BrSSW22g2hpV/t4kk=,Ceh+Jn3YFI9kYQCndGZsFAyfkIc=
-22,29,fT3hnQgIM+BrSSW22g2hpV/t4kk=,+5s5kWq9MeZaz+XTyQ6p6x2Ayj8=
-18,29,fT3hnQgIM+BrSSW22g2hpV/t4kk=,hQHyojSoBuNPyNqZjxVwnyUE420=
-23,29,fT3hnQgIM+BrSSW22g2hpV/t4kk=,Ha13liDbUZiRnIV3YKqDiJ98lCQ=
-19,29,fT3hnQgIM+BrSSW22g2hpV/t4kk=,jZSnP5Kp55E2fS258oArqZqu7hA=
-30,29,fT3hnQgIM+BrSSW22g2hpV/t4kk=,vSXeB5dqWsW9D0VQvuv63RC4Ei8=
-31,29,fT3hnQgIM+BrSSW22g2hpV/t4kk=,a6RfeRc95gZLDn755WnWsDuzGfo=
-17,29,fT3hnQgIM+BrSSW22g2hpV/t4kk=,hQHyojSoBuNPyNqZjxVwnyUE420=
-32,29,fT3hnQgIM+BrSSW22g2hpV/t4kk=,a6RfeRc95gZLDn755WnWsDuzGfo=
-28,29,fT3hnQgIM+BrSSW22g2hpV/t4kk=,yqyE7JcRpWWS+jf7UqWGjbwioTY=
-29,29,fT3hnQgIM+BrSSW22g2hpV/t4kk=,vSXeB5dqWsW9D0VQvuv63RC4Ei8=
-26,29,fT3hnQgIM+BrSSW22g2hpV/t4kk=,QAxhiaBlL5SyICCE6kGziX/iOrQ=
-24,29,fT3hnQgIM+BrSSW22g2hpV/t4kk=,Ha13liDbUZiRnIV3YKqDiJ98lCQ=
-27,29,fT3hnQgIM+BrSSW22g2hpV/t4kk=,yqyE7JcRpWWS+jf7UqWGjbwioTY=
-25,29,fT3hnQgIM+BrSSW22g2hpV/t4kk=,QAxhiaBlL5SyICCE6kGziX/iOrQ=
-17,16,fT3hnQgIM+BrSSW22g2hpV/t4kk=,ZP3DMQy8dk62RQ7nZNLAy0rI5lE=
-23,21,fT3hnQgIM+BrSSW22g2hpV/t4kk=,TSyZg6kI1pWowUfsavmh0TO9+hA=
-23,20,fT3hnQgIM+BrSSW22g2hpV/t4kk=,TSyZg6kI1pWowUfsavmh0TO9+hA=
-24,20,fT3hnQgIM+BrSSW22g2hpV/t4kk=,TSyZg6kI1pWowUfsavmh0TO9+hA=
-24,21,fT3hnQgIM+BrSSW22g2hpV/t4kk=,TSyZg6kI1pWowUfsavmh0TO9+hA=
-9,18,L4z5peLBlKHpnGvlpvSw62gsWa0=,ex0TDOTNkzQjaLLTpIM36qElZ+A=
-8,18,L4z5peLBlKHpnGvlpvSw62gsWa0=,m5bAatn2nQV0ky3LbdzoiiosEnw=
-8,17,L4z5peLBlKHpnGvlpvSw62gsWa0=,5cwrhzj3xUcviqhx4N+ldM5B3CY=
-9,17,L4z5peLBlKHpnGvlpvSw62gsWa0=,ZkL+OmurxqXP+hhKIy3rn3QNKXs=
-11,18,L4z5peLBlKHpnGvlpvSw62gsWa0=,WjAUMxcb2KntE1TTmiyjRfc6Y9w=
-12,18,L4z5peLBlKHpnGvlpvSw62gsWa0=,WjAUMxcb2KntE1TTmiyjRfc6Y9w=
-13,18,L4z5peLBlKHpnGvlpvSw62gsWa0=,KBj4t17CCCRApoxOCDgo6wV1Ylc=
-12,17,L4z5peLBlKHpnGvlpvSw62gsWa0=,V75SNiT8E2OrGJH9LZ/rI581fXY=
-13,17,L4z5peLBlKHpnGvlpvSw62gsWa0=,ak0QEEVGXJDGdF7Id6DFhGlJFYU=
-11,17,L4z5peLBlKHpnGvlpvSw62gsWa0=,V75SNiT8E2OrGJH9LZ/rI581fXY=
-10,18,L4z5peLBlKHpnGvlpvSw62gsWa0=,ex0TDOTNkzQjaLLTpIM36qElZ+A=
-10,17,L4z5peLBlKHpnGvlpvSw62gsWa0=,ZkL+OmurxqXP+hhKIy3rn3QNKXs=
-11,19,L4z5peLBlKHpnGvlpvSw62gsWa0=,WjAUMxcb2KntE1TTmiyjRfc6Y9w=
-10,20,L4z5peLBlKHpnGvlpvSw62gsWa0=,vwAbjTYRjJui7C9c5oEFx5h5qLg=
-11,20,L4z5peLBlKHpnGvlpvSw62gsWa0=,o9C5pONuXM+pBkcQ0e3zfl3oMRo=
-10,19,L4z5peLBlKHpnGvlpvSw62gsWa0=,ex0TDOTNkzQjaLLTpIM36qElZ+A=
-10,22,L4z5peLBlKHpnGvlpvSw62gsWa0=,XIeFDOhhZgEGI8sgExISvz/mxYo=
-11,22,L4z5peLBlKHpnGvlpvSw62gsWa0=,3dSUYpSZr4Yd1RINYJKcMPes3aM=
-11,21,L4z5peLBlKHpnGvlpvSw62gsWa0=,o9C5pONuXM+pBkcQ0e3zfl3oMRo=
-10,21,L4z5peLBlKHpnGvlpvSw62gsWa0=,vwAbjTYRjJui7C9c5oEFx5h5qLg=
-6,22,akOulPb4pH+WAopmO07rdLMEOpU=,ymStAL1ASR+QtmlPzARLa+ixqec=
-9,22,akOulPb4pH+WAopmO07rdLMEOpU=,XIeFDOhhZgEGI8sgExISvz/mxYo=
-6,21,akOulPb4pH+WAopmO07rdLMEOpU=,pVcRJfNd33tMVWAF3je32uF9D+I=
-5,22,akOulPb4pH+WAopmO07rdLMEOpU=,ymStAL1ASR+QtmlPzARLa+ixqec=
-9,21,akOulPb4pH+WAopmO07rdLMEOpU=,vwAbjTYRjJui7C9c5oEFx5h5qLg=
-4,22,akOulPb4pH+WAopmO07rdLMEOpU=,VR757kNZ9qo7pYkOHYN7kfRIeIY=
-7,21,akOulPb4pH+WAopmO07rdLMEOpU=,HySZ82J0Tw1SNqfb4U27zzv38IA=
-5,21,akOulPb4pH+WAopmO07rdLMEOpU=,pVcRJfNd33tMVWAF3je32uF9D+I=
-4,21,akOulPb4pH+WAopmO07rdLMEOpU=,c+L5EbZ/wA3Y7xU2+lIRpUFhaXQ=
-8,21,akOulPb4pH+WAopmO07rdLMEOpU=,HySZ82J0Tw1SNqfb4U27zzv38IA=
-8,20,akOulPb4pH+WAopmO07rdLMEOpU=,HySZ82J0Tw1SNqfb4U27zzv38IA=
-8,19,akOulPb4pH+WAopmO07rdLMEOpU=,m5bAatn2nQV0ky3LbdzoiiosEnw=
-9,20,akOulPb4pH+WAopmO07rdLMEOpU=,vwAbjTYRjJui7C9c5oEFx5h5qLg=
-9,19,akOulPb4pH+WAopmO07rdLMEOpU=,ex0TDOTNkzQjaLLTpIM36qElZ+A=
-8,22,akOulPb4pH+WAopmO07rdLMEOpU=,ecOCS/tk5XgVky/OaHBWTlKWcvg=
-7,22,akOulPb4pH+WAopmO07rdLMEOpU=,ecOCS/tk5XgVky/OaHBWTlKWcvg=
-3,22,akOulPb4pH+WAopmO07rdLMEOpU=,VR757kNZ9qo7pYkOHYN7kfRIeIY=
-3,21,akOulPb4pH+WAopmO07rdLMEOpU=,c+L5EbZ/wA3Y7xU2+lIRpUFhaXQ=
-2,21,akOulPb4pH+WAopmO07rdLMEOpU=,n0W+C029kcD+tZxLH4LLsrccxmA=
-2,22,akOulPb4pH+WAopmO07rdLMEOpU=,vBmle/wxr8lFvmZ9vL7N03dECR4=
-5,23,akOulPb4pH+WAopmO07rdLMEOpU=,ymStAL1ASR+QtmlPzARLa+ixqec=
-5,24,akOulPb4pH+WAopmO07rdLMEOpU=,82lMMW/BN551Xp6hQiCcVjv2mGk=
-3,23,akOulPb4pH+WAopmO07rdLMEOpU=,VR757kNZ9qo7pYkOHYN7kfRIeIY=
-4,23,akOulPb4pH+WAopmO07rdLMEOpU=,VR757kNZ9qo7pYkOHYN7kfRIeIY=
-3,24,akOulPb4pH+WAopmO07rdLMEOpU=,XmNlUbLxJJZtDR4RLBABWQ+WsTk=
-4,24,akOulPb4pH+WAopmO07rdLMEOpU=,XmNlUbLxJJZtDR4RLBABWQ+WsTk=
-2,23,akOulPb4pH+WAopmO07rdLMEOpU=,vBmle/wxr8lFvmZ9vL7N03dECR4=
-2,24,akOulPb4pH+WAopmO07rdLMEOpU=,8sMqMjQCCWQBOh0wTXjAuqLgeXc=
-5,25,NTTBSc/e85wo4CH0V+bWSZWW+xI=,82lMMW/BN551Xp6hQiCcVjv2mGk=
-5,26,NTTBSc/e85wo4CH0V+bWSZWW+xI=,qgTqiMum/5+gB1VKQINYz6zewdM=
-4,25,NTTBSc/e85wo4CH0V+bWSZWW+xI=,XmNlUbLxJJZtDR4RLBABWQ+WsTk=
-4,26,NTTBSc/e85wo4CH0V+bWSZWW+xI=,TzEvKImgcOv8zFaf1375vW01sws=
-3,26,NTTBSc/e85wo4CH0V+bWSZWW+xI=,TzEvKImgcOv8zFaf1375vW01sws=
-2,26,NTTBSc/e85wo4CH0V+bWSZWW+xI=,1+G7BOPS2T4PB4Yx0jyms1HqaNU=
-3,25,NTTBSc/e85wo4CH0V+bWSZWW+xI=,XmNlUbLxJJZtDR4RLBABWQ+WsTk=
-2,25,NTTBSc/e85wo4CH0V+bWSZWW+xI=,8sMqMjQCCWQBOh0wTXjAuqLgeXc=
-4,27,NTTBSc/e85wo4CH0V+bWSZWW+xI=,TzEvKImgcOv8zFaf1375vW01sws=
-5,27,NTTBSc/e85wo4CH0V+bWSZWW+xI=,qgTqiMum/5+gB1VKQINYz6zewdM=
-4,28,NTTBSc/e85wo4CH0V+bWSZWW+xI=,iwyfJZmwnElU4z1+9GqEJ0ByXrw=
-5,28,NTTBSc/e85wo4CH0V+bWSZWW+xI=,vow0YfDziEI1faJU96QyFfUv22Q=
-3,28,NTTBSc/e85wo4CH0V+bWSZWW+xI=,iwyfJZmwnElU4z1+9GqEJ0ByXrw=
-3,27,NTTBSc/e85wo4CH0V+bWSZWW+xI=,TzEvKImgcOv8zFaf1375vW01sws=
-2,27,NTTBSc/e85wo4CH0V+bWSZWW+xI=,1+G7BOPS2T4PB4Yx0jyms1HqaNU=
-6,28,NTTBSc/e85wo4CH0V+bWSZWW+xI=,vow0YfDziEI1faJU96QyFfUv22Q=
-2,28,NTTBSc/e85wo4CH0V+bWSZWW+xI=,dLR2GHD9Ja5iF13jXNHydaiYjWU=
-7,27,NTTBSc/e85wo4CH0V+bWSZWW+xI=,UCXnku9RgyO42WtAV/yB4Lz8cVM=
-6,27,NTTBSc/e85wo4CH0V+bWSZWW+xI=,qgTqiMum/5+gB1VKQINYz6zewdM=
-7,28,NTTBSc/e85wo4CH0V+bWSZWW+xI=,+oQ9dhEvgi9rky4HGSRz/W3JVaE=
-9,27,NTTBSc/e85wo4CH0V+bWSZWW+xI=,+kwnly8LZucKaL/31zU4jH/UfuQ=
-8,27,NTTBSc/e85wo4CH0V+bWSZWW+xI=,UCXnku9RgyO42WtAV/yB4Lz8cVM=
-6,23,NTTBSc/e85wo4CH0V+bWSZWW+xI=,ymStAL1ASR+QtmlPzARLa+ixqec=
-9,28,NTTBSc/e85wo4CH0V+bWSZWW+xI=,JjOQvr6lm0GcmbYXFDi03NNp57c=
-7,23,NTTBSc/e85wo4CH0V+bWSZWW+xI=,ecOCS/tk5XgVky/OaHBWTlKWcvg=
-8,23,NTTBSc/e85wo4CH0V+bWSZWW+xI=,ecOCS/tk5XgVky/OaHBWTlKWcvg=
-8,28,NTTBSc/e85wo4CH0V+bWSZWW+xI=,+oQ9dhEvgi9rky4HGSRz/W3JVaE=
-7,24,NTTBSc/e85wo4CH0V+bWSZWW+xI=,mKrMddTDeCTLtDmehjLX9tMg49k=
-9,23,NTTBSc/e85wo4CH0V+bWSZWW+xI=,XIeFDOhhZgEGI8sgExISvz/mxYo=
-8,25,NTTBSc/e85wo4CH0V+bWSZWW+xI=,mKrMddTDeCTLtDmehjLX9tMg49k=
-6,25,NTTBSc/e85wo4CH0V+bWSZWW+xI=,82lMMW/BN551Xp6hQiCcVjv2mGk=
-9,26,X+Ip4jNVwe8Wp+vdnWWjinMGYqg=,+kwnly8LZucKaL/31zU4jH/UfuQ=
-8,26,X+Ip4jNVwe8Wp+vdnWWjinMGYqg=,UCXnku9RgyO42WtAV/yB4Lz8cVM=
-6,24,X+Ip4jNVwe8Wp+vdnWWjinMGYqg=,82lMMW/BN551Xp6hQiCcVjv2mGk=
-6,26,X+Ip4jNVwe8Wp+vdnWWjinMGYqg=,qgTqiMum/5+gB1VKQINYz6zewdM=
-8,24,X+Ip4jNVwe8Wp+vdnWWjinMGYqg=,mKrMddTDeCTLtDmehjLX9tMg49k=
-7,25,X+Ip4jNVwe8Wp+vdnWWjinMGYqg=,mKrMddTDeCTLtDmehjLX9tMg49k=
-9,25,X+Ip4jNVwe8Wp+vdnWWjinMGYqg=,LpocfAAXRrAQf5CrrlNDljen5d0=
-9,24,X+Ip4jNVwe8Wp+vdnWWjinMGYqg=,LpocfAAXRrAQf5CrrlNDljen5d0=
-7,26,X+Ip4jNVwe8Wp+vdnWWjinMGYqg=,UCXnku9RgyO42WtAV/yB4Lz8cVM=
-10,24,X+Ip4jNVwe8Wp+vdnWWjinMGYqg=,LpocfAAXRrAQf5CrrlNDljen5d0=
-11,24,X+Ip4jNVwe8Wp+vdnWWjinMGYqg=,A4ibZhklPfEbft6XxYWLePo54GU=
-10,23,X+Ip4jNVwe8Wp+vdnWWjinMGYqg=,XIeFDOhhZgEGI8sgExISvz/mxYo=
-11,23,X+Ip4jNVwe8Wp+vdnWWjinMGYqg=,3dSUYpSZr4Yd1RINYJKcMPes3aM=
-10,25,X+Ip4jNVwe8Wp+vdnWWjinMGYqg=,LpocfAAXRrAQf5CrrlNDljen5d0=
-10,26,X+Ip4jNVwe8Wp+vdnWWjinMGYqg=,+kwnly8LZucKaL/31zU4jH/UfuQ=
-11,25,X+Ip4jNVwe8Wp+vdnWWjinMGYqg=,A4ibZhklPfEbft6XxYWLePo54GU=
-11,26,X+Ip4jNVwe8Wp+vdnWWjinMGYqg=,dSD24P31ktbpH27JpbiffBsoBp0=
-13,23,X+Ip4jNVwe8Wp+vdnWWjinMGYqg=,ps39wTXLpt1LDlkiuscvuKGhjsU=
-12,23,X+Ip4jNVwe8Wp+vdnWWjinMGYqg=,3dSUYpSZr4Yd1RINYJKcMPes3aM=
-13,25,X+Ip4jNVwe8Wp+vdnWWjinMGYqg=,bQHxth3TUqGi3BgLQAyxQBbJ8P8=
-12,24,X+Ip4jNVwe8Wp+vdnWWjinMGYqg=,A4ibZhklPfEbft6XxYWLePo54GU=
-12,25,X+Ip4jNVwe8Wp+vdnWWjinMGYqg=,A4ibZhklPfEbft6XxYWLePo54GU=
-13,24,X+Ip4jNVwe8Wp+vdnWWjinMGYqg=,bQHxth3TUqGi3BgLQAyxQBbJ8P8=
-13,26,X+Ip4jNVwe8Wp+vdnWWjinMGYqg=,vKKT5807XYWny50i7U9hJGnb1Bk=
-12,26,X+Ip4jNVwe8Wp+vdnWWjinMGYqg=,dSD24P31ktbpH27JpbiffBsoBp0=
-11,28,X+Ip4jNVwe8Wp+vdnWWjinMGYqg=,Ob+mfxBN7YCRcrF+Kh+G0O/ohu8=
-11,27,X+Ip4jNVwe8Wp+vdnWWjinMGYqg=,dSD24P31ktbpH27JpbiffBsoBp0=
-12,27,X+Ip4jNVwe8Wp+vdnWWjinMGYqg=,dSD24P31ktbpH27JpbiffBsoBp0=
-13,27,X+Ip4jNVwe8Wp+vdnWWjinMGYqg=,vKKT5807XYWny50i7U9hJGnb1Bk=
-10,27,X+Ip4jNVwe8Wp+vdnWWjinMGYqg=,+kwnly8LZucKaL/31zU4jH/UfuQ=
-12,28,X+Ip4jNVwe8Wp+vdnWWjinMGYqg=,Ob+mfxBN7YCRcrF+Kh+G0O/ohu8=
-10,28,X+Ip4jNVwe8Wp+vdnWWjinMGYqg=,JjOQvr6lm0GcmbYXFDi03NNp57c=
-13,28,X+Ip4jNVwe8Wp+vdnWWjinMGYqg=,Y+c5TbYC+G8oxKPLkw1aA7nMMzQ=
-14,25,X+Ip4jNVwe8Wp+vdnWWjinMGYqg=,bQHxth3TUqGi3BgLQAyxQBbJ8P8=
-14,26,X+Ip4jNVwe8Wp+vdnWWjinMGYqg=,vKKT5807XYWny50i7U9hJGnb1Bk=
-15,26,X+Ip4jNVwe8Wp+vdnWWjinMGYqg=,+5RvLV/NSrAYJD74ocEsFqYM5NY=
-15,25,X+Ip4jNVwe8Wp+vdnWWjinMGYqg=,pksw+yYUydI/DngVeMiDqqDCgjg=
-14,27,X+Ip4jNVwe8Wp+vdnWWjinMGYqg=,vKKT5807XYWny50i7U9hJGnb1Bk=
-15,27,5nKP8ED9mTXEru2qiYePjeFc5R8=,+5RvLV/NSrAYJD74ocEsFqYM5NY=
-14,28,5nKP8ED9mTXEru2qiYePjeFc5R8=,Y+c5TbYC+G8oxKPLkw1aA7nMMzQ=
-15,28,5nKP8ED9mTXEru2qiYePjeFc5R8=,mAAeKCX5uyYcBZ8nG12aYtectDc=
-14,23,5nKP8ED9mTXEru2qiYePjeFc5R8=,ps39wTXLpt1LDlkiuscvuKGhjsU=
-14,24,5nKP8ED9mTXEru2qiYePjeFc5R8=,bQHxth3TUqGi3BgLQAyxQBbJ8P8=
-15,24,5nKP8ED9mTXEru2qiYePjeFc5R8=,pksw+yYUydI/DngVeMiDqqDCgjg=
-15,23,5nKP8ED9mTXEru2qiYePjeFc5R8=,LX96H3aMfcTfZfO9VEzhTfrEeBM=
-12,19,5nKP8ED9mTXEru2qiYePjeFc5R8=,WjAUMxcb2KntE1TTmiyjRfc6Y9w=
-12,21,5nKP8ED9mTXEru2qiYePjeFc5R8=,o9C5pONuXM+pBkcQ0e3zfl3oMRo=
-12,20,5nKP8ED9mTXEru2qiYePjeFc5R8=,o9C5pONuXM+pBkcQ0e3zfl3oMRo=
-13,22,5nKP8ED9mTXEru2qiYePjeFc5R8=,ps39wTXLpt1LDlkiuscvuKGhjsU=
-12,22,5nKP8ED9mTXEru2qiYePjeFc5R8=,3dSUYpSZr4Yd1RINYJKcMPes3aM=
-15,22,5nKP8ED9mTXEru2qiYePjeFc5R8=,LX96H3aMfcTfZfO9VEzhTfrEeBM=
-13,19,5nKP8ED9mTXEru2qiYePjeFc5R8=,KBj4t17CCCRApoxOCDgo6wV1Ylc=
-14,22,5nKP8ED9mTXEru2qiYePjeFc5R8=,ps39wTXLpt1LDlkiuscvuKGhjsU=
-15,21,5nKP8ED9mTXEru2qiYePjeFc5R8=,zunNQZeYxEzHVS6IBJqaX81Clp4=
-13,21,5nKP8ED9mTXEru2qiYePjeFc5R8=,Iq637VuPAbJYLJkB98lIOkglvoE=
-13,20,5nKP8ED9mTXEru2qiYePjeFc5R8=,Iq637VuPAbJYLJkB98lIOkglvoE=
-14,21,5nKP8ED9mTXEru2qiYePjeFc5R8=,Iq637VuPAbJYLJkB98lIOkglvoE=
-14,20,5nKP8ED9mTXEru2qiYePjeFc5R8=,Iq637VuPAbJYLJkB98lIOkglvoE=
-14,19,5nKP8ED9mTXEru2qiYePjeFc5R8=,KBj4t17CCCRApoxOCDgo6wV1Ylc=
-14,18,5nKP8ED9mTXEru2qiYePjeFc5R8=,KBj4t17CCCRApoxOCDgo6wV1Ylc=
-15,20,5nKP8ED9mTXEru2qiYePjeFc5R8=,zunNQZeYxEzHVS6IBJqaX81Clp4=
-15,19,5nKP8ED9mTXEru2qiYePjeFc5R8=,tWqI4dcQgUzWzFLrF6fyjjq0Gno=
-16,20,5nKP8ED9mTXEru2qiYePjeFc5R8=,zunNQZeYxEzHVS6IBJqaX81Clp4=
-14,17,5nKP8ED9mTXEru2qiYePjeFc5R8=,ak0QEEVGXJDGdF7Id6DFhGlJFYU=
-15,18,5nKP8ED9mTXEru2qiYePjeFc5R8=,tWqI4dcQgUzWzFLrF6fyjjq0Gno=
-16,22,5nKP8ED9mTXEru2qiYePjeFc5R8=,LX96H3aMfcTfZfO9VEzhTfrEeBM=
-16,21,5nKP8ED9mTXEru2qiYePjeFc5R8=,zunNQZeYxEzHVS6IBJqaX81Clp4=
-16,19,5nKP8ED9mTXEru2qiYePjeFc5R8=,tWqI4dcQgUzWzFLrF6fyjjq0Gno=
-16,18,5nKP8ED9mTXEru2qiYePjeFc5R8=,tWqI4dcQgUzWzFLrF6fyjjq0Gno=
-15,17,5nKP8ED9mTXEru2qiYePjeFc5R8=,AbiC/LhmeSkNBTIi0AWWpH6Vi5E=
-16,23,5nKP8ED9mTXEru2qiYePjeFc5R8=,LX96H3aMfcTfZfO9VEzhTfrEeBM=
-16,26,5nKP8ED9mTXEru2qiYePjeFc5R8=,+5RvLV/NSrAYJD74ocEsFqYM5NY=
-16,24,5nKP8ED9mTXEru2qiYePjeFc5R8=,pksw+yYUydI/DngVeMiDqqDCgjg=
-16,17,5nKP8ED9mTXEru2qiYePjeFc5R8=,AbiC/LhmeSkNBTIi0AWWpH6Vi5E=
-16,25,5nKP8ED9mTXEru2qiYePjeFc5R8=,pksw+yYUydI/DngVeMiDqqDCgjg=
-16,27,5nKP8ED9mTXEru2qiYePjeFc5R8=,+5RvLV/NSrAYJD74ocEsFqYM5NY=
-16,28,5nKP8ED9mTXEru2qiYePjeFc5R8=,mAAeKCX5uyYcBZ8nG12aYtectDc=
-3,20,5nKP8ED9mTXEru2qiYePjeFc5R8=,c+L5EbZ/wA3Y7xU2+lIRpUFhaXQ=
-2,20,5nKP8ED9mTXEru2qiYePjeFc5R8=,n0W+C029kcD+tZxLH4LLsrccxmA=
-2,19,ixYmBYycWAvIjmh3+iTlMYFzvN8=,MdSnCg0F5K7Rzn40KfqblXTFwbg=
-3,19,ixYmBYycWAvIjmh3+iTlMYFzvN8=,ybFzGR1wMH0s3RvOs1bJd1o1W0I=
-7,20,ixYmBYycWAvIjmh3+iTlMYFzvN8=,HySZ82J0Tw1SNqfb4U27zzv38IA=
-2,18,ixYmBYycWAvIjmh3+iTlMYFzvN8=,MdSnCg0F5K7Rzn40KfqblXTFwbg=
-7,19,ixYmBYycWAvIjmh3+iTlMYFzvN8=,m5bAatn2nQV0ky3LbdzoiiosEnw=
-5,20,ixYmBYycWAvIjmh3+iTlMYFzvN8=,pVcRJfNd33tMVWAF3je32uF9D+I=
-4,18,ixYmBYycWAvIjmh3+iTlMYFzvN8=,ybFzGR1wMH0s3RvOs1bJd1o1W0I=
-2,17,ixYmBYycWAvIjmh3+iTlMYFzvN8=,ZMAXLnQ+3vdDnyq8EhIm/xZTESQ=
-6,20,ixYmBYycWAvIjmh3+iTlMYFzvN8=,pVcRJfNd33tMVWAF3je32uF9D+I=
-4,19,ixYmBYycWAvIjmh3+iTlMYFzvN8=,ybFzGR1wMH0s3RvOs1bJd1o1W0I=
-3,18,ixYmBYycWAvIjmh3+iTlMYFzvN8=,ybFzGR1wMH0s3RvOs1bJd1o1W0I=
-6,19,ixYmBYycWAvIjmh3+iTlMYFzvN8=,c+/etPJOWgNlBGfje1wpXUIB0ZQ=
-5,19,ixYmBYycWAvIjmh3+iTlMYFzvN8=,c+/etPJOWgNlBGfje1wpXUIB0ZQ=
-4,17,2zdogG3rz2p90cVMJsxCy0ydL0E=,Vftmxq57tqDkT30P0T6rSCfzJvQ=
-3,17,2zdogG3rz2p90cVMJsxCy0ydL0E=,Vftmxq57tqDkT30P0T6rSCfzJvQ=
-7,17,2zdogG3rz2p90cVMJsxCy0ydL0E=,5cwrhzj3xUcviqhx4N+ldM5B3CY=
-7,18,2zdogG3rz2p90cVMJsxCy0ydL0E=,m5bAatn2nQV0ky3LbdzoiiosEnw=
-4,20,2zdogG3rz2p90cVMJsxCy0ydL0E=,c+L5EbZ/wA3Y7xU2+lIRpUFhaXQ=
-5,18,2zdogG3rz2p90cVMJsxCy0ydL0E=,c+/etPJOWgNlBGfje1wpXUIB0ZQ=
-4,16,2zdogG3rz2p90cVMJsxCy0ydL0E=,Vftmxq57tqDkT30P0T6rSCfzJvQ=
-13,16,2zdogG3rz2p90cVMJsxCy0ydL0E=,ak0QEEVGXJDGdF7Id6DFhGlJFYU=
-1,26,2zdogG3rz2p90cVMJsxCy0ydL0E=,1+G7BOPS2T4PB4Yx0jyms1HqaNU=
-6,18,2zdogG3rz2p90cVMJsxCy0ydL0E=,c+/etPJOWgNlBGfje1wpXUIB0ZQ=
-5,17,2zdogG3rz2p90cVMJsxCy0ydL0E=,oq9ZlAE5TfuMBMkrgF4Mf+fc13E=
-5,16,2zdogG3rz2p90cVMJsxCy0ydL0E=,oq9ZlAE5TfuMBMkrgF4Mf+fc13E=
-12,16,2zdogG3rz2p90cVMJsxCy0ydL0E=,V75SNiT8E2OrGJH9LZ/rI581fXY=
-6,17,2zdogG3rz2p90cVMJsxCy0ydL0E=,oq9ZlAE5TfuMBMkrgF4Mf+fc13E=
-1,25,2zdogG3rz2p90cVMJsxCy0ydL0E=,8sMqMjQCCWQBOh0wTXjAuqLgeXc=
-11,16,2zdogG3rz2p90cVMJsxCy0ydL0E=,V75SNiT8E2OrGJH9LZ/rI581fXY=
-1,27,2zdogG3rz2p90cVMJsxCy0ydL0E=,1+G7BOPS2T4PB4Yx0jyms1HqaNU=
-14,16,2zdogG3rz2p90cVMJsxCy0ydL0E=,ak0QEEVGXJDGdF7Id6DFhGlJFYU=
-1,28,2zdogG3rz2p90cVMJsxCy0ydL0E=,dLR2GHD9Ja5iF13jXNHydaiYjWU=
-1,24,2zdogG3rz2p90cVMJsxCy0ydL0E=,8sMqMjQCCWQBOh0wTXjAuqLgeXc=
-1,23,2zdogG3rz2p90cVMJsxCy0ydL0E=,vBmle/wxr8lFvmZ9vL7N03dECR4=
-15,16,2zdogG3rz2p90cVMJsxCy0ydL0E=,AbiC/LhmeSkNBTIi0AWWpH6Vi5E=
-6,16,2zdogG3rz2p90cVMJsxCy0ydL0E=,oq9ZlAE5TfuMBMkrgF4Mf+fc13E=
-10,16,2zdogG3rz2p90cVMJsxCy0ydL0E=,ZkL+OmurxqXP+hhKIy3rn3QNKXs=
-7,16,2zdogG3rz2p90cVMJsxCy0ydL0E=,5cwrhzj3xUcviqhx4N+ldM5B3CY=
-9,16,2zdogG3rz2p90cVMJsxCy0ydL0E=,ZkL+OmurxqXP+hhKIy3rn3QNKXs=
-1,22,2zdogG3rz2p90cVMJsxCy0ydL0E=,vBmle/wxr8lFvmZ9vL7N03dECR4=
-1,21,2zdogG3rz2p90cVMJsxCy0ydL0E=,n0W+C029kcD+tZxLH4LLsrccxmA=
-8,16,2zdogG3rz2p90cVMJsxCy0ydL0E=,5cwrhzj3xUcviqhx4N+ldM5B3CY=
-1,20,2zdogG3rz2p90cVMJsxCy0ydL0E=,n0W+C029kcD+tZxLH4LLsrccxmA=
-16,29,2zdogG3rz2p90cVMJsxCy0ydL0E=,mAAeKCX5uyYcBZ8nG12aYtectDc=
-10,29,2zdogG3rz2p90cVMJsxCy0ydL0E=,JjOQvr6lm0GcmbYXFDi03NNp57c=
-11,29,2zdogG3rz2p90cVMJsxCy0ydL0E=,Ob+mfxBN7YCRcrF+Kh+G0O/ohu8=
-1,29,2zdogG3rz2p90cVMJsxCy0ydL0E=,dLR2GHD9Ja5iF13jXNHydaiYjWU=
-5,29,2zdogG3rz2p90cVMJsxCy0ydL0E=,vow0YfDziEI1faJU96QyFfUv22Q=
-2,29,2zdogG3rz2p90cVMJsxCy0ydL0E=,dLR2GHD9Ja5iF13jXNHydaiYjWU=
-8,29,2zdogG3rz2p90cVMJsxCy0ydL0E=,+oQ9dhEvgi9rky4HGSRz/W3JVaE=
-3,29,2zdogG3rz2p90cVMJsxCy0ydL0E=,iwyfJZmwnElU4z1+9GqEJ0ByXrw=
-9,29,2zdogG3rz2p90cVMJsxCy0ydL0E=,JjOQvr6lm0GcmbYXFDi03NNp57c=
-4,29,2zdogG3rz2p90cVMJsxCy0ydL0E=,iwyfJZmwnElU4z1+9GqEJ0ByXrw=
-6,29,2zdogG3rz2p90cVMJsxCy0ydL0E=,vow0YfDziEI1faJU96QyFfUv22Q=
-12,29,2zdogG3rz2p90cVMJsxCy0ydL0E=,Ob+mfxBN7YCRcrF+Kh+G0O/ohu8=
-13,29,2zdogG3rz2p90cVMJsxCy0ydL0E=,Y+c5TbYC+G8oxKPLkw1aA7nMMzQ=
-7,29,2zdogG3rz2p90cVMJsxCy0ydL0E=,+oQ9dhEvgi9rky4HGSRz/W3JVaE=
-15,29,2zdogG3rz2p90cVMJsxCy0ydL0E=,mAAeKCX5uyYcBZ8nG12aYtectDc=
-14,29,2zdogG3rz2p90cVMJsxCy0ydL0E=,Y+c5TbYC+G8oxKPLkw1aA7nMMzQ=
-3,16,2zdogG3rz2p90cVMJsxCy0ydL0E=,Vftmxq57tqDkT30P0T6rSCfzJvQ=
-16,16,2zdogG3rz2p90cVMJsxCy0ydL0E=,AbiC/LhmeSkNBTIi0AWWpH6Vi5E=
-2,16,2zdogG3rz2p90cVMJsxCy0ydL0E=,ZMAXLnQ+3vdDnyq8EhIm/xZTESQ=
-1,18,2zdogG3rz2p90cVMJsxCy0ydL0E=,MdSnCg0F5K7Rzn40KfqblXTFwbg=
-1,17,2zdogG3rz2p90cVMJsxCy0ydL0E=,ZMAXLnQ+3vdDnyq8EhIm/xZTESQ=
-1,19,2zdogG3rz2p90cVMJsxCy0ydL0E=,MdSnCg0F5K7Rzn40KfqblXTFwbg=
-1,16,2zdogG3rz2p90cVMJsxCy0ydL0E=,ZMAXLnQ+3vdDnyq8EhIm/xZTESQ=
-3,2,MMjdmIpGCX+GXjoEOusiE9Vjjsg=,L/PlcVnpW26qeFlMJQN1gpD7F6o=
-2,2,MMjdmIpGCX+GXjoEOusiE9Vjjsg=,EPpidub1znEUbk+0Ps4T3pW++cU=
-3,1,MMjdmIpGCX+GXjoEOusiE9Vjjsg=,bpgTD4P7wuerjLPzXmh9t8hzwp8=
-2,1,MMjdmIpGCX+GXjoEOusiE9Vjjsg=,4PtGdpb/HjapaOkt57rVqNkOC6k=
-2,4,MMjdmIpGCX+GXjoEOusiE9Vjjsg=,bRql9cBrbk1wKrX0ISMth2eJt9E=
-3,4,MMjdmIpGCX+GXjoEOusiE9Vjjsg=,ZRcn0+VN1g2ZGLDzGJzklt1SOR0=
-5,3,mykqbTc7baEIap7ZEnn+lMmVzec=,GfwW1AVcLJe2DGujyxe9B0o+zyI=
-7,3,mykqbTc7baEIap7ZEnn+lMmVzec=,3m8vHnaIS1uhLT1xsEu+Deq7AKg=
-2,3,mykqbTc7baEIap7ZEnn+lMmVzec=,EPpidub1znEUbk+0Ps4T3pW++cU=
-4,4,mykqbTc7baEIap7ZEnn+lMmVzec=,ZRcn0+VN1g2ZGLDzGJzklt1SOR0=
-6,3,mykqbTc7baEIap7ZEnn+lMmVzec=,GfwW1AVcLJe2DGujyxe9B0o+zyI=
-4,3,mykqbTc7baEIap7ZEnn+lMmVzec=,L/PlcVnpW26qeFlMJQN1gpD7F6o=
-5,4,mykqbTc7baEIap7ZEnn+lMmVzec=,JP21WYJ2kOKWIDc0IdorAjVnK7U=
-3,3,mykqbTc7baEIap7ZEnn+lMmVzec=,L/PlcVnpW26qeFlMJQN1gpD7F6o=
-6,4,mykqbTc7baEIap7ZEnn+lMmVzec=,JP21WYJ2kOKWIDc0IdorAjVnK7U=
-8,4,mykqbTc7baEIap7ZEnn+lMmVzec=,eGPm0eEe9YP48yKDdkJhH3uAujU=
-8,3,mykqbTc7baEIap7ZEnn+lMmVzec=,3m8vHnaIS1uhLT1xsEu+Deq7AKg=
-7,4,mykqbTc7baEIap7ZEnn+lMmVzec=,eGPm0eEe9YP48yKDdkJhH3uAujU=
-9,3,mykqbTc7baEIap7ZEnn+lMmVzec=,VbOR3WBzdLOZlGPEdHPa0bh5ub8=
-9,4,mykqbTc7baEIap7ZEnn+lMmVzec=,ts00veZpAaVaoYS2iX/xMqX/ABw=
-11,5,mykqbTc7baEIap7ZEnn+lMmVzec=,d1TuGG2tV9qpn0nuZ/KMN7Fq+d0=
-10,3,mykqbTc7baEIap7ZEnn+lMmVzec=,VbOR3WBzdLOZlGPEdHPa0bh5ub8=
-10,4,mykqbTc7baEIap7ZEnn+lMmVzec=,ts00veZpAaVaoYS2iX/xMqX/ABw=
-11,3,mykqbTc7baEIap7ZEnn+lMmVzec=,N9FhKdRTYTYcCIdin14Zi9hh0Yk=
-11,4,mykqbTc7baEIap7ZEnn+lMmVzec=,d1TuGG2tV9qpn0nuZ/KMN7Fq+d0=
-10,5,mykqbTc7baEIap7ZEnn+lMmVzec=,ts00veZpAaVaoYS2iX/xMqX/ABw=
-10,8,mykqbTc7baEIap7ZEnn+lMmVzec=,UIzQ0UPe47bbcqwgSmw4c9TG0MY=
-10,6,mykqbTc7baEIap7ZEnn+lMmVzec=,uUfXq6xzo/XHGGTY0yW4osjmSrY=
-10,7,mykqbTc7baEIap7ZEnn+lMmVzec=,uUfXq6xzo/XHGGTY0yW4osjmSrY=
-11,8,mykqbTc7baEIap7ZEnn+lMmVzec=,UmGtkaH5OpQc6I3QhmjCGaHaOx0=
-11,6,mykqbTc7baEIap7ZEnn+lMmVzec=,5uDju8CKdcD0LrpCtZf9zvEXqr0=
-11,7,mykqbTc7baEIap7ZEnn+lMmVzec=,5uDju8CKdcD0LrpCtZf9zvEXqr0=
-11,10,mykqbTc7baEIap7ZEnn+lMmVzec=,lSooCAaKsnlvj6vG8lz4Tc9n4cQ=
-10,10,mykqbTc7baEIap7ZEnn+lMmVzec=,O6VdpyfuON76S4EMtr2HLSTnM3g=
-11,9,mykqbTc7baEIap7ZEnn+lMmVzec=,UmGtkaH5OpQc6I3QhmjCGaHaOx0=
-10,9,mykqbTc7baEIap7ZEnn+lMmVzec=,UIzQ0UPe47bbcqwgSmw4c9TG0MY=
-12,11,mykqbTc7baEIap7ZEnn+lMmVzec=,lSooCAaKsnlvj6vG8lz4Tc9n4cQ=
-12,12,mykqbTc7baEIap7ZEnn+lMmVzec=,n/YmhhxWNovAld8TV43mu0bojY0=
-13,12,mykqbTc7baEIap7ZEnn+lMmVzec=,T9rj1wQQy+H5Eho9acVysPMAXCw=
-15,12,F2HIbYkZx4DYS7eWGj9wLmu3bb8=,vbhoso30NuLJR9qCHhg+2Kuj1ps=
-13,11,F2HIbYkZx4DYS7eWGj9wLmu3bb8=,ASUBYT2YP8FF3fVbnso/vf5tCeQ=
-14,12,F2HIbYkZx4DYS7eWGj9wLmu3bb8=,T9rj1wQQy+H5Eho9acVysPMAXCw=
-14,11,F2HIbYkZx4DYS7eWGj9wLmu3bb8=,ASUBYT2YP8FF3fVbnso/vf5tCeQ=
-15,11,F2HIbYkZx4DYS7eWGj9wLmu3bb8=,dWN12iFRpI12dtFT9EZ9RMXLQI8=
-13,13,F2HIbYkZx4DYS7eWGj9wLmu3bb8=,T9rj1wQQy+H5Eho9acVysPMAXCw=
-12,13,F2HIbYkZx4DYS7eWGj9wLmu3bb8=,n/YmhhxWNovAld8TV43mu0bojY0=
-14,13,F2HIbYkZx4DYS7eWGj9wLmu3bb8=,T9rj1wQQy+H5Eho9acVysPMAXCw=
-13,14,F2HIbYkZx4DYS7eWGj9wLmu3bb8=,i6RjDCt9k3kOAraRximNJQ6Sdqg=
-15,14,F2HIbYkZx4DYS7eWGj9wLmu3bb8=,SmK6lZ3+e1yDiwZt65lPNlFTHD0=
-14,14,F2HIbYkZx4DYS7eWGj9wLmu3bb8=,i6RjDCt9k3kOAraRximNJQ6Sdqg=
-12,14,F2HIbYkZx4DYS7eWGj9wLmu3bb8=,bGCbwXZCz+DOptIEtyG/0g4pfto=
-15,13,F2HIbYkZx4DYS7eWGj9wLmu3bb8=,vbhoso30NuLJR9qCHhg+2Kuj1ps=
-10,11,F2HIbYkZx4DYS7eWGj9wLmu3bb8=,O6VdpyfuON76S4EMtr2HLSTnM3g=
-11,14,F2HIbYkZx4DYS7eWGj9wLmu3bb8=,bGCbwXZCz+DOptIEtyG/0g4pfto=
-11,11,F2HIbYkZx4DYS7eWGj9wLmu3bb8=,lSooCAaKsnlvj6vG8lz4Tc9n4cQ=
-10,12,F2HIbYkZx4DYS7eWGj9wLmu3bb8=,iRDaY3XMIrbs8b3IMByk7Ln84cY=
-10,13,F2HIbYkZx4DYS7eWGj9wLmu3bb8=,iRDaY3XMIrbs8b3IMByk7Ln84cY=
-10,14,F2HIbYkZx4DYS7eWGj9wLmu3bb8=,z9ocrSgAk2pmrcYFASUdpfLqSqY=
-11,13,F2HIbYkZx4DYS7eWGj9wLmu3bb8=,n/YmhhxWNovAld8TV43mu0bojY0=
-11,12,F2HIbYkZx4DYS7eWGj9wLmu3bb8=,n/YmhhxWNovAld8TV43mu0bojY0=
-5,13,0igoKlLJp3gIN35RasnQP4D6BFc=,arYUjQobyAt1sNwRgwYOXCfzH1I=
-3,12,0igoKlLJp3gIN35RasnQP4D6BFc=,z1ZfGAzplKpeN083uUv7AgRuf9E=
-5,14,0igoKlLJp3gIN35RasnQP4D6BFc=,3zNW1rXff8OTdqQeS/F/zBuJ/rA=
-4,13,0igoKlLJp3gIN35RasnQP4D6BFc=,z1ZfGAzplKpeN083uUv7AgRuf9E=
-3,11,0igoKlLJp3gIN35RasnQP4D6BFc=,TFC/bBLnD1HzAwX81snLiwd7FUc=
-2,11,0igoKlLJp3gIN35RasnQP4D6BFc=,/ocIDjUF60MJZdnKO12wSH6SfKY=
-2,12,2bLsyuSLLT/56HYu/+LrZBmbsAA=,GB+sZ9mpzjGjOCwAAcrYKiUCeHU=
-4,14,2bLsyuSLLT/56HYu/+LrZBmbsAA=,tlrca683Wpw4Lz3PA9+AOEWs1mM=
-2,9,2bLsyuSLLT/56HYu/+LrZBmbsAA=,3p45uzDrh4ZGd1LfVuf/ENM5DwE=
-3,10,2bLsyuSLLT/56HYu/+LrZBmbsAA=,TFC/bBLnD1HzAwX81snLiwd7FUc=
-2,10,2bLsyuSLLT/56HYu/+LrZBmbsAA=,/ocIDjUF60MJZdnKO12wSH6SfKY=
-3,9,2bLsyuSLLT/56HYu/+LrZBmbsAA=,L/oxg1sTe0AK7ShHg8Agj9xtKb8=
-4,9,2bLsyuSLLT/56HYu/+LrZBmbsAA=,L/oxg1sTe0AK7ShHg8Agj9xtKb8=
-5,9,2bLsyuSLLT/56HYu/+LrZBmbsAA=,JQLnsK1Glu6fm2ScshcVzX4lft0=
-4,10,2bLsyuSLLT/56HYu/+LrZBmbsAA=,TFC/bBLnD1HzAwX81snLiwd7FUc=
-6,12,2bLsyuSLLT/56HYu/+LrZBmbsAA=,arYUjQobyAt1sNwRgwYOXCfzH1I=
-5,10,TonKA/TTHAk31g5fCyosREpaxWA=,9Rbs94flxqE6oBq1PVKTpwN6xMo=
-9,12,TonKA/TTHAk31g5fCyosREpaxWA=,iRDaY3XMIrbs8b3IMByk7Ln84cY=
-5,11,TonKA/TTHAk31g5fCyosREpaxWA=,9Rbs94flxqE6oBq1PVKTpwN6xMo=
-4,11,TonKA/TTHAk31g5fCyosREpaxWA=,TFC/bBLnD1HzAwX81snLiwd7FUc=
-4,12,TonKA/TTHAk31g5fCyosREpaxWA=,z1ZfGAzplKpeN083uUv7AgRuf9E=
-5,12,TonKA/TTHAk31g5fCyosREpaxWA=,arYUjQobyAt1sNwRgwYOXCfzH1I=
-9,5,TonKA/TTHAk31g5fCyosREpaxWA=,ts00veZpAaVaoYS2iX/xMqX/ABw=
-8,12,Lb8wvqjUvxjG77zjF4h1yDwMR6c=,+FG4DSS9MR689+Q+FrfjPH4wgyQ=
-6,9,Lb8wvqjUvxjG77zjF4h1yDwMR6c=,JQLnsK1Glu6fm2ScshcVzX4lft0=
-6,10,Lb8wvqjUvxjG77zjF4h1yDwMR6c=,9Rbs94flxqE6oBq1PVKTpwN6xMo=
-8,5,Lb8wvqjUvxjG77zjF4h1yDwMR6c=,eGPm0eEe9YP48yKDdkJhH3uAujU=
-6,11,BQZREJyKK5x5LAyJNu7HRR0Ybgw=,9Rbs94flxqE6oBq1PVKTpwN6xMo=
-7,12,BQZREJyKK5x5LAyJNu7HRR0Ybgw=,+FG4DSS9MR689+Q+FrfjPH4wgyQ=
-7,10,BQZREJyKK5x5LAyJNu7HRR0Ybgw=,7CCPhfvqwY3DTh3m5pXcSKrzPnc=
-8,8,BQZREJyKK5x5LAyJNu7HRR0Ybgw=,t4Y+36tnR6WV/tUh3xQ6QC9xrso=
-9,11,BQZREJyKK5x5LAyJNu7HRR0Ybgw=,O6VdpyfuON76S4EMtr2HLSTnM3g=
-8,9,BQZREJyKK5x5LAyJNu7HRR0Ybgw=,t4Y+36tnR6WV/tUh3xQ6QC9xrso=
-8,10,BQZREJyKK5x5LAyJNu7HRR0Ybgw=,7CCPhfvqwY3DTh3m5pXcSKrzPnc=
-4,5,BQZREJyKK5x5LAyJNu7HRR0Ybgw=,ZRcn0+VN1g2ZGLDzGJzklt1SOR0=
-8,7,BQZREJyKK5x5LAyJNu7HRR0Ybgw=,1tKM4mOfraQlYekQorm5JxO4lSU=
-9,10,BQZREJyKK5x5LAyJNu7HRR0Ybgw=,O6VdpyfuON76S4EMtr2HLSTnM3g=
-9,9,BQZREJyKK5x5LAyJNu7HRR0Ybgw=,UIzQ0UPe47bbcqwgSmw4c9TG0MY=
-7,11,BQZREJyKK5x5LAyJNu7HRR0Ybgw=,7CCPhfvqwY3DTh3m5pXcSKrzPnc=
-9,8,BQZREJyKK5x5LAyJNu7HRR0Ybgw=,UIzQ0UPe47bbcqwgSmw4c9TG0MY=
-7,9,BQZREJyKK5x5LAyJNu7HRR0Ybgw=,t4Y+36tnR6WV/tUh3xQ6QC9xrso=
-8,6,BQZREJyKK5x5LAyJNu7HRR0Ybgw=,1tKM4mOfraQlYekQorm5JxO4lSU=
-9,6,N9V659E+WWi2rc+iwDDUJg4+dVY=,uUfXq6xzo/XHGGTY0yW4osjmSrY=
-4,6,N9V659E+WWi2rc+iwDDUJg4+dVY=,4E8mhl1J3qmTtOvZewrjqx7mPOY=
-8,11,N9V659E+WWi2rc+iwDDUJg4+dVY=,7CCPhfvqwY3DTh3m5pXcSKrzPnc=
-7,8,N9V659E+WWi2rc+iwDDUJg4+dVY=,t4Y+36tnR6WV/tUh3xQ6QC9xrso=
-4,7,N9V659E+WWi2rc+iwDDUJg4+dVY=,4E8mhl1J3qmTtOvZewrjqx7mPOY=
-9,7,N9V659E+WWi2rc+iwDDUJg4+dVY=,uUfXq6xzo/XHGGTY0yW4osjmSrY=
-7,5,N9V659E+WWi2rc+iwDDUJg4+dVY=,eGPm0eEe9YP48yKDdkJhH3uAujU=
-2,8,N9V659E+WWi2rc+iwDDUJg4+dVY=,3p45uzDrh4ZGd1LfVuf/ENM5DwE=
-4,8,N9V659E+WWi2rc+iwDDUJg4+dVY=,L/oxg1sTe0AK7ShHg8Agj9xtKb8=
-5,7,N9V659E+WWi2rc+iwDDUJg4+dVY=,h4CvF2CrWnv/824v8Bktiz2qvZs=
-1,4,N9V659E+WWi2rc+iwDDUJg4+dVY=,bRql9cBrbk1wKrX0ISMth2eJt9E=
-6,6,N9V659E+WWi2rc+iwDDUJg4+dVY=,h4CvF2CrWnv/824v8Bktiz2qvZs=
-3,5,N9V659E+WWi2rc+iwDDUJg4+dVY=,ZRcn0+VN1g2ZGLDzGJzklt1SOR0=
-7,7,N9V659E+WWi2rc+iwDDUJg4+dVY=,1tKM4mOfraQlYekQorm5JxO4lSU=
-6,7,N9V659E+WWi2rc+iwDDUJg4+dVY=,h4CvF2CrWnv/824v8Bktiz2qvZs=
-1,3,N9V659E+WWi2rc+iwDDUJg4+dVY=,EPpidub1znEUbk+0Ps4T3pW++cU=
-1,12,N9V659E+WWi2rc+iwDDUJg4+dVY=,GB+sZ9mpzjGjOCwAAcrYKiUCeHU=
-6,5,N9V659E+WWi2rc+iwDDUJg4+dVY=,JP21WYJ2kOKWIDc0IdorAjVnK7U=
-6,8,N9V659E+WWi2rc+iwDDUJg4+dVY=,JQLnsK1Glu6fm2ScshcVzX4lft0=
-3,8,N9V659E+WWi2rc+iwDDUJg4+dVY=,L/oxg1sTe0AK7ShHg8Agj9xtKb8=
-7,6,N9V659E+WWi2rc+iwDDUJg4+dVY=,1tKM4mOfraQlYekQorm5JxO4lSU=
-2,6,N9V659E+WWi2rc+iwDDUJg4+dVY=,JW9bJ/1D8A2/lbemHZ2r2qnka7M=
-2,7,N9V659E+WWi2rc+iwDDUJg4+dVY=,JW9bJ/1D8A2/lbemHZ2r2qnka7M=
-5,5,N9V659E+WWi2rc+iwDDUJg4+dVY=,JP21WYJ2kOKWIDc0IdorAjVnK7U=
-5,8,N9V659E+WWi2rc+iwDDUJg4+dVY=,JQLnsK1Glu6fm2ScshcVzX4lft0=
-2,5,N9V659E+WWi2rc+iwDDUJg4+dVY=,bRql9cBrbk1wKrX0ISMth2eJt9E=
-1,11,N9V659E+WWi2rc+iwDDUJg4+dVY=,/ocIDjUF60MJZdnKO12wSH6SfKY=
-5,6,N9V659E+WWi2rc+iwDDUJg4+dVY=,h4CvF2CrWnv/824v8Bktiz2qvZs=
-1,2,N9V659E+WWi2rc+iwDDUJg4+dVY=,EPpidub1znEUbk+0Ps4T3pW++cU=
-3,6,+jva15HsPxNVbIsvxF3k4VD+dLQ=,4E8mhl1J3qmTtOvZewrjqx7mPOY=
-1,1,+jva15HsPxNVbIsvxF3k4VD+dLQ=,4PtGdpb/HjapaOkt57rVqNkOC6k=
-1,6,+jva15HsPxNVbIsvxF3k4VD+dLQ=,JW9bJ/1D8A2/lbemHZ2r2qnka7M=
-3,7,+jva15HsPxNVbIsvxF3k4VD+dLQ=,4E8mhl1J3qmTtOvZewrjqx7mPOY=
-13,15,+jva15HsPxNVbIsvxF3k4VD+dLQ=,i6RjDCt9k3kOAraRximNJQ6Sdqg=
-15,15,+jva15HsPxNVbIsvxF3k4VD+dLQ=,SmK6lZ3+e1yDiwZt65lPNlFTHD0=
-1,5,+jva15HsPxNVbIsvxF3k4VD+dLQ=,bRql9cBrbk1wKrX0ISMth2eJt9E=
-14,15,+jva15HsPxNVbIsvxF3k4VD+dLQ=,i6RjDCt9k3kOAraRximNJQ6Sdqg=
-5,15,+jva15HsPxNVbIsvxF3k4VD+dLQ=,3zNW1rXff8OTdqQeS/F/zBuJ/rA=
-3,13,+jva15HsPxNVbIsvxF3k4VD+dLQ=,z1ZfGAzplKpeN083uUv7AgRuf9E=
-12,15,+jva15HsPxNVbIsvxF3k4VD+dLQ=,bGCbwXZCz+DOptIEtyG/0g4pfto=
-11,15,+jva15HsPxNVbIsvxF3k4VD+dLQ=,bGCbwXZCz+DOptIEtyG/0g4pfto=
-10,15,+jva15HsPxNVbIsvxF3k4VD+dLQ=,z9ocrSgAk2pmrcYFASUdpfLqSqY=
-9,13,+jva15HsPxNVbIsvxF3k4VD+dLQ=,iRDaY3XMIrbs8b3IMByk7Ln84cY=
-1,13,+jva15HsPxNVbIsvxF3k4VD+dLQ=,GB+sZ9mpzjGjOCwAAcrYKiUCeHU=
-4,15,+jva15HsPxNVbIsvxF3k4VD+dLQ=,tlrca683Wpw4Lz3PA9+AOEWs1mM=
-16,14,+jva15HsPxNVbIsvxF3k4VD+dLQ=,SmK6lZ3+e1yDiwZt65lPNlFTHD0=
-3,15,+jva15HsPxNVbIsvxF3k4VD+dLQ=,tlrca683Wpw4Lz3PA9+AOEWs1mM=
-3,14,+jva15HsPxNVbIsvxF3k4VD+dLQ=,tlrca683Wpw4Lz3PA9+AOEWs1mM=
-6,14,+jva15HsPxNVbIsvxF3k4VD+dLQ=,3zNW1rXff8OTdqQeS/F/zBuJ/rA=
-2,13,+jva15HsPxNVbIsvxF3k4VD+dLQ=,GB+sZ9mpzjGjOCwAAcrYKiUCeHU=
-2,14,+jva15HsPxNVbIsvxF3k4VD+dLQ=,f/xdQxUfd66U7Jh7yZrhePBALcA=
-16,13,+jva15HsPxNVbIsvxF3k4VD+dLQ=,vbhoso30NuLJR9qCHhg+2Kuj1ps=
-8,13,+jva15HsPxNVbIsvxF3k4VD+dLQ=,+FG4DSS9MR689+Q+FrfjPH4wgyQ=
-1,14,+jva15HsPxNVbIsvxF3k4VD+dLQ=,f/xdQxUfd66U7Jh7yZrhePBALcA=
-2,15,+jva15HsPxNVbIsvxF3k4VD+dLQ=,f/xdQxUfd66U7Jh7yZrhePBALcA=
-16,12,+jva15HsPxNVbIsvxF3k4VD+dLQ=,vbhoso30NuLJR9qCHhg+2Kuj1ps=
-7,13,+jva15HsPxNVbIsvxF3k4VD+dLQ=,+FG4DSS9MR689+Q+FrfjPH4wgyQ=
-9,15,+jva15HsPxNVbIsvxF3k4VD+dLQ=,z9ocrSgAk2pmrcYFASUdpfLqSqY=
-9,14,+jva15HsPxNVbIsvxF3k4VD+dLQ=,z9ocrSgAk2pmrcYFASUdpfLqSqY=
-16,11,+jva15HsPxNVbIsvxF3k4VD+dLQ=,dWN12iFRpI12dtFT9EZ9RMXLQI8=
-6,13,+jva15HsPxNVbIsvxF3k4VD+dLQ=,arYUjQobyAt1sNwRgwYOXCfzH1I=
-7,15,+jva15HsPxNVbIsvxF3k4VD+dLQ=,7eLTK77MOjZEgiyGypOcoj5NVSI=
-7,14,+jva15HsPxNVbIsvxF3k4VD+dLQ=,7eLTK77MOjZEgiyGypOcoj5NVSI=
-12,10,+jva15HsPxNVbIsvxF3k4VD+dLQ=,lSooCAaKsnlvj6vG8lz4Tc9n4cQ=
-8,14,+jva15HsPxNVbIsvxF3k4VD+dLQ=,7eLTK77MOjZEgiyGypOcoj5NVSI=
-15,10,+jva15HsPxNVbIsvxF3k4VD+dLQ=,dWN12iFRpI12dtFT9EZ9RMXLQI8=
-6,15,+jva15HsPxNVbIsvxF3k4VD+dLQ=,3zNW1rXff8OTdqQeS/F/zBuJ/rA=
-14,10,+jva15HsPxNVbIsvxF3k4VD+dLQ=,ASUBYT2YP8FF3fVbnso/vf5tCeQ=
-13,10,+jva15HsPxNVbIsvxF3k4VD+dLQ=,ASUBYT2YP8FF3fVbnso/vf5tCeQ=
-14,9,+jva15HsPxNVbIsvxF3k4VD+dLQ=,33HrGtGqI701WpZun/A3h+Ir0k0=
-12,9,+jva15HsPxNVbIsvxF3k4VD+dLQ=,UmGtkaH5OpQc6I3QhmjCGaHaOx0=
-12,8,+jva15HsPxNVbIsvxF3k4VD+dLQ=,UmGtkaH5OpQc6I3QhmjCGaHaOx0=
-8,15,+jva15HsPxNVbIsvxF3k4VD+dLQ=,7eLTK77MOjZEgiyGypOcoj5NVSI=
-13,8,+jva15HsPxNVbIsvxF3k4VD+dLQ=,33HrGtGqI701WpZun/A3h+Ir0k0=
-12,5,+jva15HsPxNVbIsvxF3k4VD+dLQ=,d1TuGG2tV9qpn0nuZ/KMN7Fq+d0=
-13,9,+jva15HsPxNVbIsvxF3k4VD+dLQ=,33HrGtGqI701WpZun/A3h+Ir0k0=
-14,7,+jva15HsPxNVbIsvxF3k4VD+dLQ=,sPrpH2LKzSDHEp08sSGQJSEolp8=
-13,6,+jva15HsPxNVbIsvxF3k4VD+dLQ=,sPrpH2LKzSDHEp08sSGQJSEolp8=
-14,8,+jva15HsPxNVbIsvxF3k4VD+dLQ=,33HrGtGqI701WpZun/A3h+Ir0k0=
-13,7,+jva15HsPxNVbIsvxF3k4VD+dLQ=,sPrpH2LKzSDHEp08sSGQJSEolp8=
-12,6,+jva15HsPxNVbIsvxF3k4VD+dLQ=,5uDju8CKdcD0LrpCtZf9zvEXqr0=
-12,7,+jva15HsPxNVbIsvxF3k4VD+dLQ=,5uDju8CKdcD0LrpCtZf9zvEXqr0=
-14,6,+jva15HsPxNVbIsvxF3k4VD+dLQ=,sPrpH2LKzSDHEp08sSGQJSEolp8=
-12,3,+jva15HsPxNVbIsvxF3k4VD+dLQ=,N9FhKdRTYTYcCIdin14Zi9hh0Yk=
-15,9,+jva15HsPxNVbIsvxF3k4VD+dLQ=,uLaHIGwkx4i3CSWjdtUhKKq6HNA=
-13,5,+jva15HsPxNVbIsvxF3k4VD+dLQ=,cwRJ6SyG8SGL9xSher/Ss1Wa9e4=
-14,5,+jva15HsPxNVbIsvxF3k4VD+dLQ=,cwRJ6SyG8SGL9xSher/Ss1Wa9e4=
-12,4,+jva15HsPxNVbIsvxF3k4VD+dLQ=,d1TuGG2tV9qpn0nuZ/KMN7Fq+d0=
-15,3,+jva15HsPxNVbIsvxF3k4VD+dLQ=,6ckSqhdFc7Bo3Ls3jPQu+J1Ts+o=
-15,5,+jva15HsPxNVbIsvxF3k4VD+dLQ=,HZxTqmFROm9dyGLE/N+lzaNKB1E=
-15,6,+jva15HsPxNVbIsvxF3k4VD+dLQ=,LxjMu0K/Xw15U5bNoVXVJI5ySX0=
-15,7,+jva15HsPxNVbIsvxF3k4VD+dLQ=,LxjMu0K/Xw15U5bNoVXVJI5ySX0=
-14,4,+jva15HsPxNVbIsvxF3k4VD+dLQ=,cwRJ6SyG8SGL9xSher/Ss1Wa9e4=
-15,4,+jva15HsPxNVbIsvxF3k4VD+dLQ=,HZxTqmFROm9dyGLE/N+lzaNKB1E=
-13,3,+jva15HsPxNVbIsvxF3k4VD+dLQ=,wE25wkvkVTFG/cWZhMYYorQFL4I=
-13,4,+jva15HsPxNVbIsvxF3k4VD+dLQ=,cwRJ6SyG8SGL9xSher/Ss1Wa9e4=
-12,2,+jva15HsPxNVbIsvxF3k4VD+dLQ=,N9FhKdRTYTYcCIdin14Zi9hh0Yk=
-15,8,+jva15HsPxNVbIsvxF3k4VD+dLQ=,uLaHIGwkx4i3CSWjdtUhKKq6HNA=
-8,2,+jva15HsPxNVbIsvxF3k4VD+dLQ=,3m8vHnaIS1uhLT1xsEu+Deq7AKg=
-14,3,+jva15HsPxNVbIsvxF3k4VD+dLQ=,wE25wkvkVTFG/cWZhMYYorQFL4I=
-14,2,+jva15HsPxNVbIsvxF3k4VD+dLQ=,wE25wkvkVTFG/cWZhMYYorQFL4I=
-15,2,+jva15HsPxNVbIsvxF3k4VD+dLQ=,6ckSqhdFc7Bo3Ls3jPQu+J1Ts+o=
-8,1,+jva15HsPxNVbIsvxF3k4VD+dLQ=,CIgc1QdWNIYF5N9qFJ8e9TwXJfk=
-9,1,+jva15HsPxNVbIsvxF3k4VD+dLQ=,eh7K7khYVeuV3u9nQ7aR0qWaIIs=
-13,2,+jva15HsPxNVbIsvxF3k4VD+dLQ=,wE25wkvkVTFG/cWZhMYYorQFL4I=
-15,1,+jva15HsPxNVbIsvxF3k4VD+dLQ=,bcQHK4gg/5SCko/NAmPsyqMHcOU=
-10,1,+jva15HsPxNVbIsvxF3k4VD+dLQ=,eh7K7khYVeuV3u9nQ7aR0qWaIIs=
-14,1,+jva15HsPxNVbIsvxF3k4VD+dLQ=,oO5xwHmtm28tu+SDlgN7dnLv9ss=
-11,1,+jva15HsPxNVbIsvxF3k4VD+dLQ=,Lu+e5/61tiJVCvx8RC8BEVtx9pQ=
-7,1,+jva15HsPxNVbIsvxF3k4VD+dLQ=,CIgc1QdWNIYF5N9qFJ8e9TwXJfk=
-7,2,+jva15HsPxNVbIsvxF3k4VD+dLQ=,3m8vHnaIS1uhLT1xsEu+Deq7AKg=
-9,0,+jva15HsPxNVbIsvxF3k4VD+dLQ=,eh7K7khYVeuV3u9nQ7aR0qWaIIs=
-6,1,+jva15HsPxNVbIsvxF3k4VD+dLQ=,q6zpFNY9ExKEIXQGAJC2gOZBHtE=
-4,2,+jva15HsPxNVbIsvxF3k4VD+dLQ=,L/PlcVnpW26qeFlMJQN1gpD7F6o=
-13,1,+jva15HsPxNVbIsvxF3k4VD+dLQ=,oO5xwHmtm28tu+SDlgN7dnLv9ss=
-7,0,+jva15HsPxNVbIsvxF3k4VD+dLQ=,CIgc1QdWNIYF5N9qFJ8e9TwXJfk=
-5,2,+jva15HsPxNVbIsvxF3k4VD+dLQ=,GfwW1AVcLJe2DGujyxe9B0o+zyI=
-12,1,+jva15HsPxNVbIsvxF3k4VD+dLQ=,Lu+e5/61tiJVCvx8RC8BEVtx9pQ=
-8,0,+jva15HsPxNVbIsvxF3k4VD+dLQ=,CIgc1QdWNIYF5N9qFJ8e9TwXJfk=
-10,2,+jva15HsPxNVbIsvxF3k4VD+dLQ=,VbOR3WBzdLOZlGPEdHPa0bh5ub8=
-9,2,+jva15HsPxNVbIsvxF3k4VD+dLQ=,VbOR3WBzdLOZlGPEdHPa0bh5ub8=
-10,0,+jva15HsPxNVbIsvxF3k4VD+dLQ=,eh7K7khYVeuV3u9nQ7aR0qWaIIs=
-11,2,+jva15HsPxNVbIsvxF3k4VD+dLQ=,N9FhKdRTYTYcCIdin14Zi9hh0Yk=
-6,2,+jva15HsPxNVbIsvxF3k4VD+dLQ=,GfwW1AVcLJe2DGujyxe9B0o+zyI=
-11,0,+jva15HsPxNVbIsvxF3k4VD+dLQ=,Lu+e5/61tiJVCvx8RC8BEVtx9pQ=
-4,1,+jva15HsPxNVbIsvxF3k4VD+dLQ=,bpgTD4P7wuerjLPzXmh9t8hzwp8=
-4,0,+jva15HsPxNVbIsvxF3k4VD+dLQ=,bpgTD4P7wuerjLPzXmh9t8hzwp8=
-3,0,+jva15HsPxNVbIsvxF3k4VD+dLQ=,bpgTD4P7wuerjLPzXmh9t8hzwp8=
-2,0,+jva15HsPxNVbIsvxF3k4VD+dLQ=,4PtGdpb/HjapaOkt57rVqNkOC6k=
-14,0,+jva15HsPxNVbIsvxF3k4VD+dLQ=,oO5xwHmtm28tu+SDlgN7dnLv9ss=
-15,0,+jva15HsPxNVbIsvxF3k4VD+dLQ=,bcQHK4gg/5SCko/NAmPsyqMHcOU=
-12,0,+jva15HsPxNVbIsvxF3k4VD+dLQ=,Lu+e5/61tiJVCvx8RC8BEVtx9pQ=
-13,0,+jva15HsPxNVbIsvxF3k4VD+dLQ=,oO5xwHmtm28tu+SDlgN7dnLv9ss=
-16,10,+jva15HsPxNVbIsvxF3k4VD+dLQ=,dWN12iFRpI12dtFT9EZ9RMXLQI8=
-16,1,+jva15HsPxNVbIsvxF3k4VD+dLQ=,bcQHK4gg/5SCko/NAmPsyqMHcOU=
-1,9,+jva15HsPxNVbIsvxF3k4VD+dLQ=,3p45uzDrh4ZGd1LfVuf/ENM5DwE=
-5,1,+jva15HsPxNVbIsvxF3k4VD+dLQ=,q6zpFNY9ExKEIXQGAJC2gOZBHtE=
-6,0,+jva15HsPxNVbIsvxF3k4VD+dLQ=,q6zpFNY9ExKEIXQGAJC2gOZBHtE=
-1,15,+jva15HsPxNVbIsvxF3k4VD+dLQ=,f/xdQxUfd66U7Jh7yZrhePBALcA=
-1,10,+jva15HsPxNVbIsvxF3k4VD+dLQ=,/ocIDjUF60MJZdnKO12wSH6SfKY=
-16,8,+jva15HsPxNVbIsvxF3k4VD+dLQ=,uLaHIGwkx4i3CSWjdtUhKKq6HNA=
-16,7,+jva15HsPxNVbIsvxF3k4VD+dLQ=,LxjMu0K/Xw15U5bNoVXVJI5ySX0=
-16,9,+jva15HsPxNVbIsvxF3k4VD+dLQ=,uLaHIGwkx4i3CSWjdtUhKKq6HNA=
-1,0,+jva15HsPxNVbIsvxF3k4VD+dLQ=,4PtGdpb/HjapaOkt57rVqNkOC6k=
-5,0,+jva15HsPxNVbIsvxF3k4VD+dLQ=,q6zpFNY9ExKEIXQGAJC2gOZBHtE=
-16,15,+jva15HsPxNVbIsvxF3k4VD+dLQ=,SmK6lZ3+e1yDiwZt65lPNlFTHD0=
-16,6,+jva15HsPxNVbIsvxF3k4VD+dLQ=,LxjMu0K/Xw15U5bNoVXVJI5ySX0=
-16,3,+jva15HsPxNVbIsvxF3k4VD+dLQ=,6ckSqhdFc7Bo3Ls3jPQu+J1Ts+o=
-16,2,+jva15HsPxNVbIsvxF3k4VD+dLQ=,6ckSqhdFc7Bo3Ls3jPQu+J1Ts+o=
-1,8,+jva15HsPxNVbIsvxF3k4VD+dLQ=,3p45uzDrh4ZGd1LfVuf/ENM5DwE=
-1,7,+jva15HsPxNVbIsvxF3k4VD+dLQ=,JW9bJ/1D8A2/lbemHZ2r2qnka7M=
-16,5,+jva15HsPxNVbIsvxF3k4VD+dLQ=,HZxTqmFROm9dyGLE/N+lzaNKB1E=
-16,4,+jva15HsPxNVbIsvxF3k4VD+dLQ=,HZxTqmFROm9dyGLE/N+lzaNKB1E=
-16,0,+jva15HsPxNVbIsvxF3k4VD+dLQ=,bcQHK4gg/5SCko/NAmPsyqMHcOU=
