-36,-5,Hf2HURHL2TB2AtU6obuwlx9cQjo=,G0SrZX3fC5foVyDqQ6eIPL4vaFU=
-38,-5,82FlsEfjfurU42Qc6Q8IP2sVeiU=,USfU/qpNITl6HleL/oUIGU/zN40=
-38,-7,82FlsEfjfurU42Qc6Q8IP2sVeiU=,YFe3wfK2pgD/9LZr+5p8hTvBEqU=
-38,-4,82FlsEfjfurU42Qc6Q8IP2sVeiU=,DLI00flVoyaOcS3zj2tLIDrKbVw=
-36,-4,82FlsEfjfurU42Qc6Q8IP2sVeiU=,a54SVSbrGub4Mkqz+Y9vBBniaJ0=
-38,-6,82FlsEfjfurU42Qc6Q8IP2sVeiU=,USfU/qpNITl6HleL/oUIGU/zN40=
-39,-4,82FlsEfjfurU42Qc6Q8IP2sVeiU=,mY9DLy+mZ5Xdp88OyV1scThaJUg=
-37,-4,82FlsEfjfurU42Qc6Q8IP2sVeiU=,DLI00flVoyaOcS3zj2tLIDrKbVw=
-39,-7,82FlsEfjfurU42Qc6Q8IP2sVeiU=,08zploFxJ7hPnvTETmgP7g8OEj8=
-39,-6,82FlsEfjfurU42Qc6Q8IP2sVeiU=,98f3Ee6sHdFPjiUKmCxtAXuTFCY=
-37,-5,82FlsEfjfurU42Qc6Q8IP2sVeiU=,USfU/qpNITl6HleL/oUIGU/zN40=
-39,-5,82FlsEfjfurU42Qc6Q8IP2sVeiU=,98f3Ee6sHdFPjiUKmCxtAXuTFCY=
-38,-8,82FlsEfjfurU42Qc6Q8IP2sVeiU=,YFe3wfK2pgD/9LZr+5p8hTvBEqU=
-38,-9,82FlsEfjfurU42Qc6Q8IP2sVeiU=,hqwZWRwBwwf8xMFtMWVm6SZXOVo=
-39,-9,82FlsEfjfurU42Qc6Q8IP2sVeiU=,fBMJQYzYa0nzYjD9S3uvIOVlLvA=
-39,-8,82FlsEfjfurU42Qc6Q8IP2sVeiU=,08zploFxJ7hPnvTETmgP7g8OEj8=
-36,-6,82FlsEfjfurU42Qc6Q8IP2sVeiU=,G0SrZX3fC5foVyDqQ6eIPL4vaFU=
-37,-6,RtDWvrNf0VoTMKX+kpbrXIAKLZU=,USfU/qpNITl6HleL/oUIGU/zN40=
-37,-8,RtDWvrNf0VoTMKX+kpbrXIAKLZU=,YFe3wfK2pgD/9LZr+5p8hTvBEqU=
-37,-9,RtDWvrNf0VoTMKX+kpbrXIAKLZU=,hqwZWRwBwwf8xMFtMWVm6SZXOVo=
-34,-9,RtDWvrNf0VoTMKX+kpbrXIAKLZU=,fCwpeI0d1PqdAk0j9IGRasCeG7k=
-35,-9,RtDWvrNf0VoTMKX+kpbrXIAKLZU=,MsWIXzp50asSwpCFcr/h6PJmCmw=
-36,-7,RtDWvrNf0VoTMKX+kpbrXIAKLZU=,yBJVtLSTs/NC/IxsMYWTW89nlkc=
-37,-7,RtDWvrNf0VoTMKX+kpbrXIAKLZU=,YFe3wfK2pgD/9LZr+5p8hTvBEqU=
-36,-8,RtDWvrNf0VoTMKX+kpbrXIAKLZU=,yBJVtLSTs/NC/IxsMYWTW89nlkc=
-34,-8,RtDWvrNf0VoTMKX+kpbrXIAKLZU=,/YQX8iqFU20DNV7pzqV2LtxGqbI=
-35,-8,RtDWvrNf0VoTMKX+kpbrXIAKLZU=,yBJVtLSTs/NC/IxsMYWTW89nlkc=
-36,-9,RtDWvrNf0VoTMKX+kpbrXIAKLZU=,MsWIXzp50asSwpCFcr/h6PJmCmw=
-35,-13,RtDWvrNf0VoTMKX+kpbrXIAKLZU=,GjYHebbprY2dgUXCwFKieyoTAAk=
-34,-10,RtDWvrNf0VoTMKX+kpbrXIAKLZU=,fCwpeI0d1PqdAk0j9IGRasCeG7k=
-35,-12,RtDWvrNf0VoTMKX+kpbrXIAKLZU=,KC7LbaIFTo+8Nz7YpF9hXqB1/u4=
-34,-13,RtDWvrNf0VoTMKX+kpbrXIAKLZU=,IWSQHKZU7oTNTH57CN9PkwHpIvc=
-35,-10,RtDWvrNf0VoTMKX+kpbrXIAKLZU=,MsWIXzp50asSwpCFcr/h6PJmCmw=
-35,-11,RtDWvrNf0VoTMKX+kpbrXIAKLZU=,KC7LbaIFTo+8Nz7YpF9hXqB1/u4=
-34,-11,RtDWvrNf0VoTMKX+kpbrXIAKLZU=,93wpDRvrAscISIt1GGOuO/fulC8=
-34,-12,X20otY81FKAIRzLp/MJ9lwHc8B8=,93wpDRvrAscISIt1GGOuO/fulC8=
-36,-10,X20otY81FKAIRzLp/MJ9lwHc8B8=,MsWIXzp50asSwpCFcr/h6PJmCmw=
-39,-11,X20otY81FKAIRzLp/MJ9lwHc8B8=,SwMdttgH049gpYRv3jTVipTOS7M=
-37,-13,X20otY81FKAIRzLp/MJ9lwHc8B8=,PWcGvamyyDO6bBbTXEOoRBYQ/Oo=
-38,-13,X20otY81FKAIRzLp/MJ9lwHc8B8=,PWcGvamyyDO6bBbTXEOoRBYQ/Oo=
-39,-12,X20otY81FKAIRzLp/MJ9lwHc8B8=,SwMdttgH049gpYRv3jTVipTOS7M=
-38,-12,X20otY81FKAIRzLp/MJ9lwHc8B8=,mXls4xPEaHOfPCDFFUJAcwyEu5c=
-39,-10,X20otY81FKAIRzLp/MJ9lwHc8B8=,fBMJQYzYa0nzYjD9S3uvIOVlLvA=
-38,-11,X20otY81FKAIRzLp/MJ9lwHc8B8=,mXls4xPEaHOfPCDFFUJAcwyEu5c=
-37,-10,X20otY81FKAIRzLp/MJ9lwHc8B8=,hqwZWRwBwwf8xMFtMWVm6SZXOVo=
-37,-12,hace/v5ubl22792OhidHm/bCvZ0=,mXls4xPEaHOfPCDFFUJAcwyEu5c=
-39,-13,hace/v5ubl22792OhidHm/bCvZ0=,Zk8uxZy/SRhUqifIxUfUo8pt/VQ=
-36,-13,hace/v5ubl22792OhidHm/bCvZ0=,GjYHebbprY2dgUXCwFKieyoTAAk=
-38,-10,hace/v5ubl22792OhidHm/bCvZ0=,hqwZWRwBwwf8xMFtMWVm6SZXOVo=
-36,-12,hace/v5ubl22792OhidHm/bCvZ0=,KC7LbaIFTo+8Nz7YpF9hXqB1/u4=
-37,-11,hace/v5ubl22792OhidHm/bCvZ0=,mXls4xPEaHOfPCDFFUJAcwyEu5c=
-36,-11,hace/v5ubl22792OhidHm/bCvZ0=,KC7LbaIFTo+8Nz7YpF9hXqB1/u4=
-41,-15,hace/v5ubl22792OhidHm/bCvZ0=,AVNNcYL5GUquaCxAKSJlNEgdnAk=
-41,-14,hace/v5ubl22792OhidHm/bCvZ0=,gRHM+IstJJsdzn8XebnIMWpyvOU=
-40,-15,hace/v5ubl22792OhidHm/bCvZ0=,FSa36a43r5gLljO6O7p7/zS1oEM=
-38,-16,hace/v5ubl22792OhidHm/bCvZ0=,dSYR2i7ZwuOlub+4yzRWCO/FhMo=
-39,-16,hace/v5ubl22792OhidHm/bCvZ0=,FSa36a43r5gLljO6O7p7/zS1oEM=
-41,-13,hace/v5ubl22792OhidHm/bCvZ0=,gRHM+IstJJsdzn8XebnIMWpyvOU=
-41,-12,hace/v5ubl22792OhidHm/bCvZ0=,eN6IouRBLkWSrPZ+4IJuBERUrPg=
-39,-15,hace/v5ubl22792OhidHm/bCvZ0=,FSa36a43r5gLljO6O7p7/zS1oEM=
-38,-15,hace/v5ubl22792OhidHm/bCvZ0=,dSYR2i7ZwuOlub+4yzRWCO/FhMo=
-40,-13,hace/v5ubl22792OhidHm/bCvZ0=,Zk8uxZy/SRhUqifIxUfUo8pt/VQ=
-39,-14,hace/v5ubl22792OhidHm/bCvZ0=,Zk8uxZy/SRhUqifIxUfUo8pt/VQ=
-38,-14,hace/v5ubl22792OhidHm/bCvZ0=,PWcGvamyyDO6bBbTXEOoRBYQ/Oo=
-40,-12,hace/v5ubl22792OhidHm/bCvZ0=,SwMdttgH049gpYRv3jTVipTOS7M=
-40,-14,hace/v5ubl22792OhidHm/bCvZ0=,Zk8uxZy/SRhUqifIxUfUo8pt/VQ=
-40,-11,hace/v5ubl22792OhidHm/bCvZ0=,SwMdttgH049gpYRv3jTVipTOS7M=
-36,-16,hace/v5ubl22792OhidHm/bCvZ0=,jJ5MagYgjGaA25G97zKodkeDFXU=
-34,-16,hace/v5ubl22792OhidHm/bCvZ0=,142RpnjTVfL9zCTzbkeZ7OiZMyQ=
-35,-16,hace/v5ubl22792OhidHm/bCvZ0=,jJ5MagYgjGaA25G97zKodkeDFXU=
-41,-8,hace/v5ubl22792OhidHm/bCvZ0=,8nTOZ46c7EmN/BQajrq8wtjXIrs=
-41,-9,hace/v5ubl22792OhidHm/bCvZ0=,fU51/z9Zz+4yUETaEfIIAyyl25w=
-35,-14,XF4Xmq0pfWYQ8pDahD2/pGD/Ae8=,GjYHebbprY2dgUXCwFKieyoTAAk=
-37,-16,XF4Xmq0pfWYQ8pDahD2/pGD/Ae8=,dSYR2i7ZwuOlub+4yzRWCO/FhMo=
-36,-14,XF4Xmq0pfWYQ8pDahD2/pGD/Ae8=,GjYHebbprY2dgUXCwFKieyoTAAk=
-34,-15,XF4Xmq0pfWYQ8pDahD2/pGD/Ae8=,142RpnjTVfL9zCTzbkeZ7OiZMyQ=
-41,-11,XF4Xmq0pfWYQ8pDahD2/pGD/Ae8=,eN6IouRBLkWSrPZ+4IJuBERUrPg=
-35,-15,XF4Xmq0pfWYQ8pDahD2/pGD/Ae8=,jJ5MagYgjGaA25G97zKodkeDFXU=
-37,-15,XF4Xmq0pfWYQ8pDahD2/pGD/Ae8=,dSYR2i7ZwuOlub+4yzRWCO/FhMo=
-41,-10,XF4Xmq0pfWYQ8pDahD2/pGD/Ae8=,fU51/z9Zz+4yUETaEfIIAyyl25w=
-40,-9,XF4Xmq0pfWYQ8pDahD2/pGD/Ae8=,fBMJQYzYa0nzYjD9S3uvIOVlLvA=
-34,-14,XF4Xmq0pfWYQ8pDahD2/pGD/Ae8=,IWSQHKZU7oTNTH57CN9PkwHpIvc=
-40,-10,XF4Xmq0pfWYQ8pDahD2/pGD/Ae8=,fBMJQYzYa0nzYjD9S3uvIOVlLvA=
-36,-15,XF4Xmq0pfWYQ8pDahD2/pGD/Ae8=,jJ5MagYgjGaA25G97zKodkeDFXU=
-37,-14,XF4Xmq0pfWYQ8pDahD2/pGD/Ae8=,PWcGvamyyDO6bBbTXEOoRBYQ/Oo=
-40,-8,XF4Xmq0pfWYQ8pDahD2/pGD/Ae8=,08zploFxJ7hPnvTETmgP7g8OEj8=
-33,-11,XF4Xmq0pfWYQ8pDahD2/pGD/Ae8=,93wpDRvrAscISIt1GGOuO/fulC8=
-33,-8,XF4Xmq0pfWYQ8pDahD2/pGD/Ae8=,/YQX8iqFU20DNV7pzqV2LtxGqbI=
-33,-12,XF4Xmq0pfWYQ8pDahD2/pGD/Ae8=,93wpDRvrAscISIt1GGOuO/fulC8=
-33,-15,XF4Xmq0pfWYQ8pDahD2/pGD/Ae8=,142RpnjTVfL9zCTzbkeZ7OiZMyQ=
-33,-9,XF4Xmq0pfWYQ8pDahD2/pGD/Ae8=,fCwpeI0d1PqdAk0j9IGRasCeG7k=
-33,-10,XF4Xmq0pfWYQ8pDahD2/pGD/Ae8=,fCwpeI0d1PqdAk0j9IGRasCeG7k=
-35,-7,XF4Xmq0pfWYQ8pDahD2/pGD/Ae8=,yBJVtLSTs/NC/IxsMYWTW89nlkc=
-33,-14,XF4Xmq0pfWYQ8pDahD2/pGD/Ae8=,IWSQHKZU7oTNTH57CN9PkwHpIvc=
-35,-6,XF4Xmq0pfWYQ8pDahD2/pGD/Ae8=,G0SrZX3fC5foVyDqQ6eIPL4vaFU=
-35,-4,XF4Xmq0pfWYQ8pDahD2/pGD/Ae8=,a54SVSbrGub4Mkqz+Y9vBBniaJ0=
-33,-13,XF4Xmq0pfWYQ8pDahD2/pGD/Ae8=,IWSQHKZU7oTNTH57CN9PkwHpIvc=
-34,-7,XF4Xmq0pfWYQ8pDahD2/pGD/Ae8=,/YQX8iqFU20DNV7pzqV2LtxGqbI=
-34,-6,XF4Xmq0pfWYQ8pDahD2/pGD/Ae8=,8Guzbqmh6QYIRP/w/6iMIpCc0dY=
-34,-5,XF4Xmq0pfWYQ8pDahD2/pGD/Ae8=,8Guzbqmh6QYIRP/w/6iMIpCc0dY=
-34,-4,XF4Xmq0pfWYQ8pDahD2/pGD/Ae8=,2YIsDBOlVYQb3Q0OHu2gWYx63lo=
-35,-5,XF4Xmq0pfWYQ8pDahD2/pGD/Ae8=,G0SrZX3fC5foVyDqQ6eIPL4vaFU=
-36,-2,XF4Xmq0pfWYQ8pDahD2/pGD/Ae8=,MuFWoWMKpK7jVhLiuAehQlHhN3Q=
-39,-3,XF4Xmq0pfWYQ8pDahD2/pGD/Ae8=,mY9DLy+mZ5Xdp88OyV1scThaJUg=
-37,-3,XF4Xmq0pfWYQ8pDahD2/pGD/Ae8=,DLI00flVoyaOcS3zj2tLIDrKbVw=
-36,-3,XF4Xmq0pfWYQ8pDahD2/pGD/Ae8=,a54SVSbrGub4Mkqz+Y9vBBniaJ0=
-37,-2,XF4Xmq0pfWYQ8pDahD2/pGD/Ae8=,IrA8WgED9EV9/zQu/Msf6ax/vxE=
-38,-3,XF4Xmq0pfWYQ8pDahD2/pGD/Ae8=,DLI00flVoyaOcS3zj2tLIDrKbVw=
-38,-1,XF4Xmq0pfWYQ8pDahD2/pGD/Ae8=,IrA8WgED9EV9/zQu/Msf6ax/vxE=
-35,-2,XF4Xmq0pfWYQ8pDahD2/pGD/Ae8=,MuFWoWMKpK7jVhLiuAehQlHhN3Q=
-38,-2,XF4Xmq0pfWYQ8pDahD2/pGD/Ae8=,IrA8WgED9EV9/zQu/Msf6ax/vxE=
-35,-3,XF4Xmq0pfWYQ8pDahD2/pGD/Ae8=,a54SVSbrGub4Mkqz+Y9vBBniaJ0=
-34,-3,XF4Xmq0pfWYQ8pDahD2/pGD/Ae8=,2YIsDBOlVYQb3Q0OHu2gWYx63lo=
-37,-1,XF4Xmq0pfWYQ8pDahD2/pGD/Ae8=,IrA8WgED9EV9/zQu/Msf6ax/vxE=
-36,-1,XF4Xmq0pfWYQ8pDahD2/pGD/Ae8=,MuFWoWMKpK7jVhLiuAehQlHhN3Q=
-34,-2,XF4Xmq0pfWYQ8pDahD2/pGD/Ae8=,bdS2TvYzq7p8F/fyUkNDZ/IpXB4=
-41,-3,XF4Xmq0pfWYQ8pDahD2/pGD/Ae8=,qb6JwTyiJkRlpyV3HBPiaHC9xrc=
-41,-4,XF4Xmq0pfWYQ8pDahD2/pGD/Ae8=,qb6JwTyiJkRlpyV3HBPiaHC9xrc=
-40,-3,XF4Xmq0pfWYQ8pDahD2/pGD/Ae8=,mY9DLy+mZ5Xdp88OyV1scThaJUg=
-41,-2,XF4Xmq0pfWYQ8pDahD2/pGD/Ae8=,XurNZaGCKW/QRKQSH9rATS23o8c=
-41,-6,XF4Xmq0pfWYQ8pDahD2/pGD/Ae8=,PAXwgeauWAtNMN88kTxUjMIXzHw=
-40,-4,XF4Xmq0pfWYQ8pDahD2/pGD/Ae8=,mY9DLy+mZ5Xdp88OyV1scThaJUg=
-35,-1,XF4Xmq0pfWYQ8pDahD2/pGD/Ae8=,MuFWoWMKpK7jVhLiuAehQlHhN3Q=
-34,-1,XF4Xmq0pfWYQ8pDahD2/pGD/Ae8=,bdS2TvYzq7p8F/fyUkNDZ/IpXB4=
-41,-5,XF4Xmq0pfWYQ8pDahD2/pGD/Ae8=,PAXwgeauWAtNMN88kTxUjMIXzHw=
-41,-7,XF4Xmq0pfWYQ8pDahD2/pGD/Ae8=,8nTOZ46c7EmN/BQajrq8wtjXIrs=
-41,-16,XF4Xmq0pfWYQ8pDahD2/pGD/Ae8=,AVNNcYL5GUquaCxAKSJlNEgdnAk=
-40,-16,XF4Xmq0pfWYQ8pDahD2/pGD/Ae8=,FSa36a43r5gLljO6O7p7/zS1oEM=
-40,-5,XF4Xmq0pfWYQ8pDahD2/pGD/Ae8=,98f3Ee6sHdFPjiUKmCxtAXuTFCY=
-41,-1,XF4Xmq0pfWYQ8pDahD2/pGD/Ae8=,XurNZaGCKW/QRKQSH9rATS23o8c=
-40,-7,XF4Xmq0pfWYQ8pDahD2/pGD/Ae8=,08zploFxJ7hPnvTETmgP7g8OEj8=
-40,-6,XF4Xmq0pfWYQ8pDahD2/pGD/Ae8=,98f3Ee6sHdFPjiUKmCxtAXuTFCY=
-33,-2,XF4Xmq0pfWYQ8pDahD2/pGD/Ae8=,bdS2TvYzq7p8F/fyUkNDZ/IpXB4=
-33,-16,XF4Xmq0pfWYQ8pDahD2/pGD/Ae8=,142RpnjTVfL9zCTzbkeZ7OiZMyQ=
-33,-5,XF4Xmq0pfWYQ8pDahD2/pGD/Ae8=,8Guzbqmh6QYIRP/w/6iMIpCc0dY=
-33,-6,XF4Xmq0pfWYQ8pDahD2/pGD/Ae8=,8Guzbqmh6QYIRP/w/6iMIpCc0dY=
-33,-3,XF4Xmq0pfWYQ8pDahD2/pGD/Ae8=,2YIsDBOlVYQb3Q0OHu2gWYx63lo=
-33,-4,XF4Xmq0pfWYQ8pDahD2/pGD/Ae8=,2YIsDBOlVYQb3Q0OHu2gWYx63lo=
-33,-1,XF4Xmq0pfWYQ8pDahD2/pGD/Ae8=,bdS2TvYzq7p8F/fyUkNDZ/IpXB4=
-33,-7,XF4Xmq0pfWYQ8pDahD2/pGD/Ae8=,/YQX8iqFU20DNV7pzqV2LtxGqbI=
-40,-1,XF4Xmq0pfWYQ8pDahD2/pGD/Ae8=,X1Zldyl74b48xllgDbjYXRr4/IY=
-40,-2,XF4Xmq0pfWYQ8pDahD2/pGD/Ae8=,X1Zldyl74b48xllgDbjYXRr4/IY=
-39,-1,XF4Xmq0pfWYQ8pDahD2/pGD/Ae8=,X1Zldyl74b48xllgDbjYXRr4/IY=
-39,-2,XF4Xmq0pfWYQ8pDahD2/pGD/Ae8=,X1Zldyl74b48xllgDbjYXRr4/IY=
-39,-23,XF4Xmq0pfWYQ8pDahD2/pGD/Ae8=,Cc09HfVDBUrNP6X+GYQyuAMCC94=
-38,-23,96F1UPimQVBpgFwKx/ba8pJ51/Q=,ykDu2KJfTZQ1muEyXqD5ztEjHfI=
-39,-22,96F1UPimQVBpgFwKx/ba8pJ51/Q=,wOe4fkm12aYyK8Ad61YbIt/etMc=
-38,-22,96F1UPimQVBpgFwKx/ba8pJ51/Q=,nTJ0MGFo4hp2RpXoc+8mGV9Yr1o=
-38,-25,96F1UPimQVBpgFwKx/ba8pJ51/Q=,rNX4gwtKRI1wJPEziYRL8DUnUr8=
-38,-24,96F1UPimQVBpgFwKx/ba8pJ51/Q=,ykDu2KJfTZQ1muEyXqD5ztEjHfI=
-39,-24,96F1UPimQVBpgFwKx/ba8pJ51/Q=,Cc09HfVDBUrNP6X+GYQyuAMCC94=
-39,-25,96F1UPimQVBpgFwKx/ba8pJ51/Q=,qBumzN+p42hz4ql+mZUR3NetmhI=
-36,-27,96F1UPimQVBpgFwKx/ba8pJ51/Q=,gBuWyry+YTtaITDjmJIsTn62V98=
-37,-27,96F1UPimQVBpgFwKx/ba8pJ51/Q=,BEOBbk4dLnLg3E7LnMU8pd9eLIo=
-36,-26,96F1UPimQVBpgFwKx/ba8pJ51/Q=,YsUXb6LiV0VjixBWXxBXkJploLw=
-37,-28,96F1UPimQVBpgFwKx/ba8pJ51/Q=,BEOBbk4dLnLg3E7LnMU8pd9eLIo=
-36,-29,96F1UPimQVBpgFwKx/ba8pJ51/Q=,TOx+jlD8icPtnhyIbJEsp7HfaEM=
-37,-26,96F1UPimQVBpgFwKx/ba8pJ51/Q=,rNX4gwtKRI1wJPEziYRL8DUnUr8=
-36,-28,96F1UPimQVBpgFwKx/ba8pJ51/Q=,gBuWyry+YTtaITDjmJIsTn62V98=
-37,-29,96F1UPimQVBpgFwKx/ba8pJ51/Q=,TaOtCNgtR5BiuOvd8XTE3R4M+jI=
-34,-30,96F1UPimQVBpgFwKx/ba8pJ51/Q=,63ECh39I/9VWhqaAAFNAAQXvscM=
-34,-31,h9j4PQvu8VzVuanVE8wVw4szrhs=,g+YiX9hKlxX1IecPY4ISYns2rHk=
-35,-30,h9j4PQvu8VzVuanVE8wVw4szrhs=,TOx+jlD8icPtnhyIbJEsp7HfaEM=
-35,-31,h9j4PQvu8VzVuanVE8wVw4szrhs=,vwPOvtq/D5jlV2DB6eCzaUvPMYs=
-35,-29,h9j4PQvu8VzVuanVE8wVw4szrhs=,TOx+jlD8icPtnhyIbJEsp7HfaEM=
-35,-28,h9j4PQvu8VzVuanVE8wVw4szrhs=,gBuWyry+YTtaITDjmJIsTn62V98=
-34,-29,h9j4PQvu8VzVuanVE8wVw4szrhs=,63ECh39I/9VWhqaAAFNAAQXvscM=
-34,-28,h9j4PQvu8VzVuanVE8wVw4szrhs=,ZN5tz88dhxFm8V1MuIaWhQAsvOQ=
-34,-27,h9j4PQvu8VzVuanVE8wVw4szrhs=,ZN5tz88dhxFm8V1MuIaWhQAsvOQ=
-35,-27,h9j4PQvu8VzVuanVE8wVw4szrhs=,gBuWyry+YTtaITDjmJIsTn62V98=
-34,-26,h9j4PQvu8VzVuanVE8wVw4szrhs=,iVM2hNjXMlkh/9FQ28B4URcg+58=
-35,-26,h9j4PQvu8VzVuanVE8wVw4szrhs=,YsUXb6LiV0VjixBWXxBXkJploLw=
-37,-25,h9j4PQvu8VzVuanVE8wVw4szrhs=,rNX4gwtKRI1wJPEziYRL8DUnUr8=
-34,-22,h9j4PQvu8VzVuanVE8wVw4szrhs=,FXQUm4M4vSyZUAsPAeVaQ0cehNQ=
-36,-20,h9j4PQvu8VzVuanVE8wVw4szrhs=,8OxgdzXgHIxytQkEOgPVY6VTW20=
-35,-20,h9j4PQvu8VzVuanVE8wVw4szrhs=,8OxgdzXgHIxytQkEOgPVY6VTW20=
-36,-25,h9j4PQvu8VzVuanVE8wVw4szrhs=,YsUXb6LiV0VjixBWXxBXkJploLw=
-34,-25,h9j4PQvu8VzVuanVE8wVw4szrhs=,iVM2hNjXMlkh/9FQ28B4URcg+58=
-36,-24,h9j4PQvu8VzVuanVE8wVw4szrhs=,AkpI8GaaOTqPjlx0KqLxlrWWirQ=
-37,-20,h9j4PQvu8VzVuanVE8wVw4szrhs=,cl+VF5IoeQzAzYHsE1NsSqRofWs=
-34,-20,h9j4PQvu8VzVuanVE8wVw4szrhs=,rRYZ9bkvt51NBOdzVr8eQ0h+ZVk=
-35,-21,h9j4PQvu8VzVuanVE8wVw4szrhs=,KOoBrLE2l4QMCFTuiUUL5WOhdSQ=
-36,-21,h9j4PQvu8VzVuanVE8wVw4szrhs=,KOoBrLE2l4QMCFTuiUUL5WOhdSQ=
-34,-21,h9j4PQvu8VzVuanVE8wVw4szrhs=,FXQUm4M4vSyZUAsPAeVaQ0cehNQ=
-37,-21,h9j4PQvu8VzVuanVE8wVw4szrhs=,nTJ0MGFo4hp2RpXoc+8mGV9Yr1o=
-37,-24,h9j4PQvu8VzVuanVE8wVw4szrhs=,ykDu2KJfTZQ1muEyXqD5ztEjHfI=
-37,-23,h9j4PQvu8VzVuanVE8wVw4szrhs=,ykDu2KJfTZQ1muEyXqD5ztEjHfI=
-37,-22,h9j4PQvu8VzVuanVE8wVw4szrhs=,nTJ0MGFo4hp2RpXoc+8mGV9Yr1o=
-34,-24,h9j4PQvu8VzVuanVE8wVw4szrhs=,7OrdVVJMMB16N8wkepTxjawa0X0=
-35,-25,h9j4PQvu8VzVuanVE8wVw4szrhs=,YsUXb6LiV0VjixBWXxBXkJploLw=
-35,-24,h9j4PQvu8VzVuanVE8wVw4szrhs=,AkpI8GaaOTqPjlx0KqLxlrWWirQ=
-34,-23,hcZ46mk/TK1XpV6dogYhLGcZoXA=,7OrdVVJMMB16N8wkepTxjawa0X0=
-37,-19,hcZ46mk/TK1XpV6dogYhLGcZoXA=,cl+VF5IoeQzAzYHsE1NsSqRofWs=
-36,-23,hcZ46mk/TK1XpV6dogYhLGcZoXA=,AkpI8GaaOTqPjlx0KqLxlrWWirQ=
-36,-19,hcZ46mk/TK1XpV6dogYhLGcZoXA=,8OxgdzXgHIxytQkEOgPVY6VTW20=
-36,-22,hcZ46mk/TK1XpV6dogYhLGcZoXA=,KOoBrLE2l4QMCFTuiUUL5WOhdSQ=
-37,-18,hcZ46mk/TK1XpV6dogYhLGcZoXA=,+PuoYd7U2zTW4AEsnV6Ip2U1vOs=
-35,-23,hcZ46mk/TK1XpV6dogYhLGcZoXA=,AkpI8GaaOTqPjlx0KqLxlrWWirQ=
-36,-18,hcZ46mk/TK1XpV6dogYhLGcZoXA=,E/8ev1+6pRUZI0Qb7dh+VpS+g0I=
-35,-22,hcZ46mk/TK1XpV6dogYhLGcZoXA=,KOoBrLE2l4QMCFTuiUUL5WOhdSQ=
-38,-21,hcZ46mk/TK1XpV6dogYhLGcZoXA=,nTJ0MGFo4hp2RpXoc+8mGV9Yr1o=
-38,-20,hcZ46mk/TK1XpV6dogYhLGcZoXA=,cl+VF5IoeQzAzYHsE1NsSqRofWs=
-39,-21,hcZ46mk/TK1XpV6dogYhLGcZoXA=,wOe4fkm12aYyK8Ad61YbIt/etMc=
-39,-20,hcZ46mk/TK1XpV6dogYhLGcZoXA=,h1c0352AKH1aK+TKLFjEKOosI2I=
-38,-18,hcZ46mk/TK1XpV6dogYhLGcZoXA=,+PuoYd7U2zTW4AEsnV6Ip2U1vOs=
-39,-19,hcZ46mk/TK1XpV6dogYhLGcZoXA=,h1c0352AKH1aK+TKLFjEKOosI2I=
-39,-18,hcZ46mk/TK1XpV6dogYhLGcZoXA=,NS0+CunbtcLnUnzlG6H4aOG/oMs=
-38,-19,hcZ46mk/TK1XpV6dogYhLGcZoXA=,cl+VF5IoeQzAzYHsE1NsSqRofWs=
-40,-21,hcZ46mk/TK1XpV6dogYhLGcZoXA=,wOe4fkm12aYyK8Ad61YbIt/etMc=
-40,-20,hcZ46mk/TK1XpV6dogYhLGcZoXA=,h1c0352AKH1aK+TKLFjEKOosI2I=
-41,-20,hcZ46mk/TK1XpV6dogYhLGcZoXA=,lYgnI/pvmDEA4ljktq5Tz7kxZ88=
-41,-21,hcZ46mk/TK1XpV6dogYhLGcZoXA=,idfQ1yRBC11HCw7anbjhNfv4k1M=
-40,-19,hcZ46mk/TK1XpV6dogYhLGcZoXA=,h1c0352AKH1aK+TKLFjEKOosI2I=
-41,-18,hcZ46mk/TK1XpV6dogYhLGcZoXA=,E22vSYz3sVNdXDRy1H0Jg2xO0FM=
-40,-18,hcZ46mk/TK1XpV6dogYhLGcZoXA=,NS0+CunbtcLnUnzlG6H4aOG/oMs=
-38,-17,hcZ46mk/TK1XpV6dogYhLGcZoXA=,+PuoYd7U2zTW4AEsnV6Ip2U1vOs=
-40,-17,hcZ46mk/TK1XpV6dogYhLGcZoXA=,NS0+CunbtcLnUnzlG6H4aOG/oMs=
-39,-17,hcZ46mk/TK1XpV6dogYhLGcZoXA=,NS0+CunbtcLnUnzlG6H4aOG/oMs=
-41,-17,hcZ46mk/TK1XpV6dogYhLGcZoXA=,E22vSYz3sVNdXDRy1H0Jg2xO0FM=
-41,-19,hcZ46mk/TK1XpV6dogYhLGcZoXA=,lYgnI/pvmDEA4ljktq5Tz7kxZ88=
-37,-17,hcZ46mk/TK1XpV6dogYhLGcZoXA=,+PuoYd7U2zTW4AEsnV6Ip2U1vOs=
-36,-17,hcZ46mk/TK1XpV6dogYhLGcZoXA=,E/8ev1+6pRUZI0Qb7dh+VpS+g0I=
-35,-19,hcZ46mk/TK1XpV6dogYhLGcZoXA=,8OxgdzXgHIxytQkEOgPVY6VTW20=
-35,-17,hcZ46mk/TK1XpV6dogYhLGcZoXA=,E/8ev1+6pRUZI0Qb7dh+VpS+g0I=
-34,-19,hcZ46mk/TK1XpV6dogYhLGcZoXA=,rRYZ9bkvt51NBOdzVr8eQ0h+ZVk=
-35,-18,hcZ46mk/TK1XpV6dogYhLGcZoXA=,E/8ev1+6pRUZI0Qb7dh+VpS+g0I=
-34,-18,hcZ46mk/TK1XpV6dogYhLGcZoXA=,ayCV6qxfvlxJCtkbyBN73VwAMpo=
-34,-17,hcZ46mk/TK1XpV6dogYhLGcZoXA=,ayCV6qxfvlxJCtkbyBN73VwAMpo=
-33,-19,hcZ46mk/TK1XpV6dogYhLGcZoXA=,rRYZ9bkvt51NBOdzVr8eQ0h+ZVk=
-33,-18,hcZ46mk/TK1XpV6dogYhLGcZoXA=,ayCV6qxfvlxJCtkbyBN73VwAMpo=
-33,-20,hcZ46mk/TK1XpV6dogYhLGcZoXA=,rRYZ9bkvt51NBOdzVr8eQ0h+ZVk=
-33,-27,hcZ46mk/TK1XpV6dogYhLGcZoXA=,ZN5tz88dhxFm8V1MuIaWhQAsvOQ=
-33,-31,hcZ46mk/TK1XpV6dogYhLGcZoXA=,g+YiX9hKlxX1IecPY4ISYns2rHk=
-33,-30,4av2GlaxULNXOWLfvmRghg7RVEg=,63ECh39I/9VWhqaAAFNAAQXvscM=
-33,-28,4av2GlaxULNXOWLfvmRghg7RVEg=,ZN5tz88dhxFm8V1MuIaWhQAsvOQ=
-33,-29,4av2GlaxULNXOWLfvmRghg7RVEg=,63ECh39I/9VWhqaAAFNAAQXvscM=
-33,-25,4av2GlaxULNXOWLfvmRghg7RVEg=,iVM2hNjXMlkh/9FQ28B4URcg+58=
-33,-24,4av2GlaxULNXOWLfvmRghg7RVEg=,7OrdVVJMMB16N8wkepTxjawa0X0=
-33,-22,4av2GlaxULNXOWLfvmRghg7RVEg=,FXQUm4M4vSyZUAsPAeVaQ0cehNQ=
-33,-26,4av2GlaxULNXOWLfvmRghg7RVEg=,iVM2hNjXMlkh/9FQ28B4URcg+58=
-33,-23,4av2GlaxULNXOWLfvmRghg7RVEg=,7OrdVVJMMB16N8wkepTxjawa0X0=
-33,-21,4av2GlaxULNXOWLfvmRghg7RVEg=,FXQUm4M4vSyZUAsPAeVaQ0cehNQ=
-35,-32,4av2GlaxULNXOWLfvmRghg7RVEg=,vwPOvtq/D5jlV2DB6eCzaUvPMYs=
-34,-32,4av2GlaxULNXOWLfvmRghg7RVEg=,g+YiX9hKlxX1IecPY4ISYns2rHk=
-36,-31,4av2GlaxULNXOWLfvmRghg7RVEg=,vwPOvtq/D5jlV2DB6eCzaUvPMYs=
-36,-30,4av2GlaxULNXOWLfvmRghg7RVEg=,TOx+jlD8icPtnhyIbJEsp7HfaEM=
-36,-32,4av2GlaxULNXOWLfvmRghg7RVEg=,vwPOvtq/D5jlV2DB6eCzaUvPMYs=
-37,-32,4av2GlaxULNXOWLfvmRghg7RVEg=,jyT6Cvkmuc+gV/BGsQa2NzO37tc=
-37,-31,4av2GlaxULNXOWLfvmRghg7RVEg=,jyT6Cvkmuc+gV/BGsQa2NzO37tc=
-37,-30,4av2GlaxULNXOWLfvmRghg7RVEg=,TaOtCNgtR5BiuOvd8XTE3R4M+jI=
-38,-26,4av2GlaxULNXOWLfvmRghg7RVEg=,rNX4gwtKRI1wJPEziYRL8DUnUr8=
-39,-27,4av2GlaxULNXOWLfvmRghg7RVEg=,cRgxyuVv4oMwPIYl+qONIh0czVI=
-39,-26,4av2GlaxULNXOWLfvmRghg7RVEg=,qBumzN+p42hz4ql+mZUR3NetmhI=
-38,-27,4av2GlaxULNXOWLfvmRghg7RVEg=,BEOBbk4dLnLg3E7LnMU8pd9eLIo=
-40,-27,4av2GlaxULNXOWLfvmRghg7RVEg=,cRgxyuVv4oMwPIYl+qONIh0czVI=
-40,-26,4av2GlaxULNXOWLfvmRghg7RVEg=,qBumzN+p42hz4ql+mZUR3NetmhI=
-41,-27,4av2GlaxULNXOWLfvmRghg7RVEg=,SHpaYkWCvlkTE4QWKCwEGcy1oVQ=
-39,-31,YblJhjrUT5GszmZDPF7MgA3pGiQ=,SMb5247/JOpkx56q/qhr3i8iQFU=
-41,-26,YblJhjrUT5GszmZDPF7MgA3pGiQ=,zZrTWStk8LzJ5dCgyRoH+pguaLU=
-38,-31,YblJhjrUT5GszmZDPF7MgA3pGiQ=,jyT6Cvkmuc+gV/BGsQa2NzO37tc=
-41,-28,YblJhjrUT5GszmZDPF7MgA3pGiQ=,SHpaYkWCvlkTE4QWKCwEGcy1oVQ=
-40,-28,YblJhjrUT5GszmZDPF7MgA3pGiQ=,cRgxyuVv4oMwPIYl+qONIh0czVI=
-41,-29,YblJhjrUT5GszmZDPF7MgA3pGiQ=,xF9qXVq62THwruEnyM7rAjdAfu4=
-39,-30,YblJhjrUT5GszmZDPF7MgA3pGiQ=,M/vgu1NZsoyZD9eJ4ezxvUVLRaA=
-41,-30,YblJhjrUT5GszmZDPF7MgA3pGiQ=,xF9qXVq62THwruEnyM7rAjdAfu4=
-39,-28,YblJhjrUT5GszmZDPF7MgA3pGiQ=,cRgxyuVv4oMwPIYl+qONIh0czVI=
-40,-29,YblJhjrUT5GszmZDPF7MgA3pGiQ=,M/vgu1NZsoyZD9eJ4ezxvUVLRaA=
-40,-31,YblJhjrUT5GszmZDPF7MgA3pGiQ=,SMb5247/JOpkx56q/qhr3i8iQFU=
-40,-32,YblJhjrUT5GszmZDPF7MgA3pGiQ=,SMb5247/JOpkx56q/qhr3i8iQFU=
-40,-30,YblJhjrUT5GszmZDPF7MgA3pGiQ=,M/vgu1NZsoyZD9eJ4ezxvUVLRaA=
-33,-32,YblJhjrUT5GszmZDPF7MgA3pGiQ=,g+YiX9hKlxX1IecPY4ISYns2rHk=
-33,-17,YblJhjrUT5GszmZDPF7MgA3pGiQ=,ayCV6qxfvlxJCtkbyBN73VwAMpo=
-38,-28,YblJhjrUT5GszmZDPF7MgA3pGiQ=,BEOBbk4dLnLg3E7LnMU8pd9eLIo=
-38,-32,YblJhjrUT5GszmZDPF7MgA3pGiQ=,jyT6Cvkmuc+gV/BGsQa2NzO37tc=
-41,-31,YblJhjrUT5GszmZDPF7MgA3pGiQ=,pYjES05EzccRapfEnQHb39cP/ks=
-39,-32,YblJhjrUT5GszmZDPF7MgA3pGiQ=,SMb5247/JOpkx56q/qhr3i8iQFU=
-40,-22,YblJhjrUT5GszmZDPF7MgA3pGiQ=,wOe4fkm12aYyK8Ad61YbIt/etMc=
-38,-29,YblJhjrUT5GszmZDPF7MgA3pGiQ=,TaOtCNgtR5BiuOvd8XTE3R4M+jI=
-40,-24,YblJhjrUT5GszmZDPF7MgA3pGiQ=,Cc09HfVDBUrNP6X+GYQyuAMCC94=
-40,-23,YblJhjrUT5GszmZDPF7MgA3pGiQ=,Cc09HfVDBUrNP6X+GYQyuAMCC94=
-41,-32,YblJhjrUT5GszmZDPF7MgA3pGiQ=,pYjES05EzccRapfEnQHb39cP/ks=
-40,-25,YblJhjrUT5GszmZDPF7MgA3pGiQ=,qBumzN+p42hz4ql+mZUR3NetmhI=
-41,-22,YblJhjrUT5GszmZDPF7MgA3pGiQ=,idfQ1yRBC11HCw7anbjhNfv4k1M=
-39,-29,YblJhjrUT5GszmZDPF7MgA3pGiQ=,M/vgu1NZsoyZD9eJ4ezxvUVLRaA=
-38,-30,YblJhjrUT5GszmZDPF7MgA3pGiQ=,TaOtCNgtR5BiuOvd8XTE3R4M+jI=
-41,-25,YblJhjrUT5GszmZDPF7MgA3pGiQ=,zZrTWStk8LzJ5dCgyRoH+pguaLU=
-41,-24,YblJhjrUT5GszmZDPF7MgA3pGiQ=,bEoeePt4ud53DxXfsjepRqY54WE=
-41,-23,YblJhjrUT5GszmZDPF7MgA3pGiQ=,bEoeePt4ud53DxXfsjepRqY54WE=
