2,1,h7P96UJdDPkXTpTRWOmMDg9rA0A=,89P3RPI84ddwcBOTJSbVWlgb+rI=
1,1,h7P96UJdDPkXTpTRWOmMDg9rA0A=,/GULiBaCl4N0cb4QF0qOSQi9NOE=
1,2,h7P96UJdDPkXTpTRWOmMDg9rA0A=,0EvXFDvyYJR5Ng+sxSLHSzCnBSQ=
1,3,Z/GNGZogjUgDB1kr8IwwmvC5voo=,0EvXFDvyYJR5Ng+sxSLHSzCnBSQ=
2,4,Z/GNGZogjUgDB1kr8IwwmvC5voo=,fSHga44M4QkWJ1ngU9Si1urECGo=
2,2,Z/GNGZogjUgDB1kr8IwwmvC5voo=,R0dqkaBIE6wM9VGnPdjMAUcdTXQ=
2,3,Z/GNGZogjUgDB1kr8IwwmvC5voo=,R0dqkaBIE6wM9VGnPdjMAUcdTXQ=
1,4,ilcJg39MyG8tPuLLY/TMjip2vcY=,xnk1ZA5b31If1Kerrqo123cE91Q=
1,5,ilcJg39MyG8tPuLLY/TMjip2vcY=,xnk1ZA5b31If1Kerrqo123cE91Q=
1,6,ilcJg39MyG8tPuLLY/TMjip2vcY=,mQAwGcYIhMR29ypd0H6jgtsC4Co=
2,6,ilcJg39MyG8tPuLLY/TMjip2vcY=,PmkUvPxJLkNZfZJl3HCYpP4Gy0Q=
2,5,ilcJg39MyG8tPuLLY/TMjip2vcY=,fSHga44M4QkWJ1ngU9Si1urECGo=
1,7,ilcJg39MyG8tPuLLY/TMjip2vcY=,mQAwGcYIhMR29ypd0H6jgtsC4Co=
1,8,3woHoO87p9Krmyad857BlMcnsQU=,PdsEhxrb4WPg0HtplvcbG10CpuQ=
2,7,3woHoO87p9Krmyad857BlMcnsQU=,PmkUvPxJLkNZfZJl3HCYpP4Gy0Q=
2,8,3woHoO87p9Krmyad857BlMcnsQU=,DY7Z/Y5+NjhY/6Dhv9FgI+Kidp4=
2,10,3woHoO87p9Krmyad857BlMcnsQU=,KfAgwxbNH9fF6tC+n6N1UMpgHQk=
1,10,3woHoO87p9Krmyad857BlMcnsQU=,rEjlTAKnXbG8vOa1MUhEucGM1sA=
2,9,3woHoO87p9Krmyad857BlMcnsQU=,DY7Z/Y5+NjhY/6Dhv9FgI+Kidp4=
1,9,B+T3Sx4bSUrQw0WzNRIf33pUtEQ=,PdsEhxrb4WPg0HtplvcbG10CpuQ=
1,11,B+T3Sx4bSUrQw0WzNRIf33pUtEQ=,rEjlTAKnXbG8vOa1MUhEucGM1sA=
2,12,B+T3Sx4bSUrQw0WzNRIf33pUtEQ=,HysZucpiNDvwgQfTUoVGf/hnD+k=
2,11,B+T3Sx4bSUrQw0WzNRIf33pUtEQ=,KfAgwxbNH9fF6tC+n6N1UMpgHQk=
1,12,B+T3Sx4bSUrQw0WzNRIf33pUtEQ=,7ZzMKfGNWozWaPaoKa4lAJf756w=
2,13,B+T3Sx4bSUrQw0WzNRIf33pUtEQ=,HysZucpiNDvwgQfTUoVGf/hnD+k=
4,11,B+T3Sx4bSUrQw0WzNRIf33pUtEQ=,Xlxk5S9cw6mJHsq5GeCqpePz3yU=
4,12,B+T3Sx4bSUrQw0WzNRIf33pUtEQ=,flkg2mZ9/7UEn4s3+yOHCg6ne6k=
2,14,B+T3Sx4bSUrQw0WzNRIf33pUtEQ=,8vPHT2V7P6lEtVREktWaIvnxiFY=
4,14,B+T3Sx4bSUrQw0WzNRIf33pUtEQ=,DQykD0z5u7gUqLSsAc9Am7qtN6w=
3,11,B+T3Sx4bSUrQw0WzNRIf33pUtEQ=,KfAgwxbNH9fF6tC+n6N1UMpgHQk=
3,10,B+T3Sx4bSUrQw0WzNRIf33pUtEQ=,KfAgwxbNH9fF6tC+n6N1UMpgHQk=
3,12,ADIQC3Ln24lP8PXtv1GSSfFSW4A=,HysZucpiNDvwgQfTUoVGf/hnD+k=
1,14,ADIQC3Ln24lP8PXtv1GSSfFSW4A=,fyi4UExjwC3wHu+djxuD/GpnmFQ=
3,13,ADIQC3Ln24lP8PXtv1GSSfFSW4A=,HysZucpiNDvwgQfTUoVGf/hnD+k=
1,13,ADIQC3Ln24lP8PXtv1GSSfFSW4A=,7ZzMKfGNWozWaPaoKa4lAJf756w=
4,10,ADIQC3Ln24lP8PXtv1GSSfFSW4A=,Xlxk5S9cw6mJHsq5GeCqpePz3yU=
3,14,ADIQC3Ln24lP8PXtv1GSSfFSW4A=,8vPHT2V7P6lEtVREktWaIvnxiFY=
4,13,ADIQC3Ln24lP8PXtv1GSSfFSW4A=,flkg2mZ9/7UEn4s3+yOHCg6ne6k=
3,9,ADIQC3Ln24lP8PXtv1GSSfFSW4A=,DY7Z/Y5+NjhY/6Dhv9FgI+Kidp4=
4,9,ADIQC3Ln24lP8PXtv1GSSfFSW4A=,nailg3dYGv9vrxX5qJODSiERcPU=
4,8,ADIQC3Ln24lP8PXtv1GSSfFSW4A=,nailg3dYGv9vrxX5qJODSiERcPU=
4,4,ADIQC3Ln24lP8PXtv1GSSfFSW4A=,Dizkb8PWdrQZO9c1cun9trYVQxM=
3,3,ADIQC3Ln24lP8PXtv1GSSfFSW4A=,R0dqkaBIE6wM9VGnPdjMAUcdTXQ=
4,6,ADIQC3Ln24lP8PXtv1GSSfFSW4A=,IbR6xUuIQelapvSqfq+rtTDHEsU=
3,7,ADIQC3Ln24lP8PXtv1GSSfFSW4A=,PmkUvPxJLkNZfZJl3HCYpP4Gy0Q=
3,4,ADIQC3Ln24lP8PXtv1GSSfFSW4A=,fSHga44M4QkWJ1ngU9Si1urECGo=
3,6,ADIQC3Ln24lP8PXtv1GSSfFSW4A=,PmkUvPxJLkNZfZJl3HCYpP4Gy0Q=
4,3,ADIQC3Ln24lP8PXtv1GSSfFSW4A=,sqAz7CunSqk5Kr2hI2cow7KA4Fg=
3,5,ADIQC3Ln24lP8PXtv1GSSfFSW4A=,fSHga44M4QkWJ1ngU9Si1urECGo=
4,7,ADIQC3Ln24lP8PXtv1GSSfFSW4A=,IbR6xUuIQelapvSqfq+rtTDHEsU=
4,5,ADIQC3Ln24lP8PXtv1GSSfFSW4A=,Dizkb8PWdrQZO9c1cun9trYVQxM=
4,2,ADIQC3Ln24lP8PXtv1GSSfFSW4A=,sqAz7CunSqk5Kr2hI2cow7KA4Fg=
3,8,ADIQC3Ln24lP8PXtv1GSSfFSW4A=,DY7Z/Y5+NjhY/6Dhv9FgI+Kidp4=
4,1,ADIQC3Ln24lP8PXtv1GSSfFSW4A=,FPQWEPe/OGWrqKwK4xT/rJqUT+o=
3,1,ADIQC3Ln24lP8PXtv1GSSfFSW4A=,89P3RPI84ddwcBOTJSbVWlgb+rI=
5,4,EzBJ0H0PokLeORvyZ+EVdRzgGw0=,Dizkb8PWdrQZO9c1cun9trYVQxM=
6,3,EzBJ0H0PokLeORvyZ+EVdRzgGw0=,mX/08c8SX8sDSgJRHh40ZqQdNEY=
6,1,EzBJ0H0PokLeORvyZ+EVdRzgGw0=,Dg4z+gl80YlwP0NSPGu1uObEgtg=
6,4,EzBJ0H0PokLeORvyZ+EVdRzgGw0=,enOv9OnsmUSFybuBWrZWZ8HwyeQ=
5,1,EzBJ0H0PokLeORvyZ+EVdRzgGw0=,FPQWEPe/OGWrqKwK4xT/rJqUT+o=
3,2,EzBJ0H0PokLeORvyZ+EVdRzgGw0=,R0dqkaBIE6wM9VGnPdjMAUcdTXQ=
6,5,EzBJ0H0PokLeORvyZ+EVdRzgGw0=,enOv9OnsmUSFybuBWrZWZ8HwyeQ=
5,6,EzBJ0H0PokLeORvyZ+EVdRzgGw0=,IbR6xUuIQelapvSqfq+rtTDHEsU=
5,5,EzBJ0H0PokLeORvyZ+EVdRzgGw0=,Dizkb8PWdrQZO9c1cun9trYVQxM=
5,2,EzBJ0H0PokLeORvyZ+EVdRzgGw0=,sqAz7CunSqk5Kr2hI2cow7KA4Fg=
6,6,EzBJ0H0PokLeORvyZ+EVdRzgGw0=,nhgtKLajurMMItozY3HXnegwYMk=
5,3,EzBJ0H0PokLeORvyZ+EVdRzgGw0=,sqAz7CunSqk5Kr2hI2cow7KA4Fg=
6,2,EzBJ0H0PokLeORvyZ+EVdRzgGw0=,mX/08c8SX8sDSgJRHh40ZqQdNEY=
5,12,EzBJ0H0PokLeORvyZ+EVdRzgGw0=,flkg2mZ9/7UEn4s3+yOHCg6ne6k=
6,11,EzBJ0H0PokLeORvyZ+EVdRzgGw0=,NoOaoSk5r+ywRqbcEajgLaokKKI=
5,11,EzBJ0H0PokLeORvyZ+EVdRzgGw0=,Xlxk5S9cw6mJHsq5GeCqpePz3yU=
6,13,EzBJ0H0PokLeORvyZ+EVdRzgGw0=,2IA9qOcWmEja5tz+IRzppHElFcM=
6,12,EzBJ0H0PokLeORvyZ+EVdRzgGw0=,2IA9qOcWmEja5tz+IRzppHElFcM=
5,10,EzBJ0H0PokLeORvyZ+EVdRzgGw0=,Xlxk5S9cw6mJHsq5GeCqpePz3yU=
6,10,EzBJ0H0PokLeORvyZ+EVdRzgGw0=,NoOaoSk5r+ywRqbcEajgLaokKKI=
6,8,EzBJ0H0PokLeORvyZ+EVdRzgGw0=,kZkccaNxCy0ps0bSNVwuVg0bvwc=
6,9,EzBJ0H0PokLeORvyZ+EVdRzgGw0=,kZkccaNxCy0ps0bSNVwuVg0bvwc=
5,13,iGnSEd8YvzUtdOGDSOsyLGdV4tA=,flkg2mZ9/7UEn4s3+yOHCg6ne6k=
5,9,iGnSEd8YvzUtdOGDSOsyLGdV4tA=,nailg3dYGv9vrxX5qJODSiERcPU=
5,14,iGnSEd8YvzUtdOGDSOsyLGdV4tA=,DQykD0z5u7gUqLSsAc9Am7qtN6w=
5,7,iGnSEd8YvzUtdOGDSOsyLGdV4tA=,IbR6xUuIQelapvSqfq+rtTDHEsU=
6,14,iGnSEd8YvzUtdOGDSOsyLGdV4tA=,zbnfwp2gxLXYDwtdpHvui8hzCaU=
6,7,iGnSEd8YvzUtdOGDSOsyLGdV4tA=,nhgtKLajurMMItozY3HXnegwYMk=
5,8,iGnSEd8YvzUtdOGDSOsyLGdV4tA=,nailg3dYGv9vrxX5qJODSiERcPU=
7,7,iGnSEd8YvzUtdOGDSOsyLGdV4tA=,nhgtKLajurMMItozY3HXnegwYMk=
8,5,iGnSEd8YvzUtdOGDSOsyLGdV4tA=,0Ehn7/ul5Qbu2CXsU/NANcoytWw=
8,7,iGnSEd8YvzUtdOGDSOsyLGdV4tA=,WpLgMjZqYhwPYw/dQD98jwSExUY=
7,5,iGnSEd8YvzUtdOGDSOsyLGdV4tA=,enOv9OnsmUSFybuBWrZWZ8HwyeQ=
7,6,iGnSEd8YvzUtdOGDSOsyLGdV4tA=,nhgtKLajurMMItozY3HXnegwYMk=
8,6,iGnSEd8YvzUtdOGDSOsyLGdV4tA=,WpLgMjZqYhwPYw/dQD98jwSExUY=
7,8,iGnSEd8YvzUtdOGDSOsyLGdV4tA=,kZkccaNxCy0ps0bSNVwuVg0bvwc=
8,8,iGnSEd8YvzUtdOGDSOsyLGdV4tA=,Yl2MHj06cM0MDFGFzfUsrbKB5F4=
8,4,n592sFPleYh4EabZMaDsm/CSrg0=,0Ehn7/ul5Qbu2CXsU/NANcoytWw=
8,2,n592sFPleYh4EabZMaDsm/CSrg0=,WN8uzRt88QKjFzKGCjdSGB81a+I=
8,3,n592sFPleYh4EabZMaDsm/CSrg0=,WN8uzRt88QKjFzKGCjdSGB81a+I=
7,4,n592sFPleYh4EabZMaDsm/CSrg0=,enOv9OnsmUSFybuBWrZWZ8HwyeQ=
8,1,n592sFPleYh4EabZMaDsm/CSrg0=,CBp9xGhZzlsCM6y7hpmGpXL+s8k=
7,2,n592sFPleYh4EabZMaDsm/CSrg0=,mX/08c8SX8sDSgJRHh40ZqQdNEY=
10,5,n592sFPleYh4EabZMaDsm/CSrg0=,Dd/O+IfOiZyeoPeQ9NEXD6WiRrk=
7,3,n592sFPleYh4EabZMaDsm/CSrg0=,mX/08c8SX8sDSgJRHh40ZqQdNEY=
9,5,n592sFPleYh4EabZMaDsm/CSrg0=,0Ehn7/ul5Qbu2CXsU/NANcoytWw=
7,1,n592sFPleYh4EabZMaDsm/CSrg0=,Dg4z+gl80YlwP0NSPGu1uObEgtg=
9,1,n592sFPleYh4EabZMaDsm/CSrg0=,CBp9xGhZzlsCM6y7hpmGpXL+s8k=
9,6,n592sFPleYh4EabZMaDsm/CSrg0=,WpLgMjZqYhwPYw/dQD98jwSExUY=
10,4,n592sFPleYh4EabZMaDsm/CSrg0=,Dd/O+IfOiZyeoPeQ9NEXD6WiRrk=
10,6,n592sFPleYh4EabZMaDsm/CSrg0=,9Mqq6vpctxZU8eHpdZMtXOhWBBk=
10,2,n592sFPleYh4EabZMaDsm/CSrg0=,oUvTWqUn7pYMdlKpCOPO4/axh5g=
10,1,n592sFPleYh4EabZMaDsm/CSrg0=,4RmeZXTxHoac7ifsvyu4Uq2YJTc=
10,3,n592sFPleYh4EabZMaDsm/CSrg0=,oUvTWqUn7pYMdlKpCOPO4/axh5g=
11,2,n592sFPleYh4EabZMaDsm/CSrg0=,oUvTWqUn7pYMdlKpCOPO4/axh5g=
9,3,n592sFPleYh4EabZMaDsm/CSrg0=,WN8uzRt88QKjFzKGCjdSGB81a+I=
9,2,n592sFPleYh4EabZMaDsm/CSrg0=,WN8uzRt88QKjFzKGCjdSGB81a+I=
11,1,n592sFPleYh4EabZMaDsm/CSrg0=,4RmeZXTxHoac7ifsvyu4Uq2YJTc=
9,4,n592sFPleYh4EabZMaDsm/CSrg0=,0Ehn7/ul5Qbu2CXsU/NANcoytWw=
11,3,n592sFPleYh4EabZMaDsm/CSrg0=,oUvTWqUn7pYMdlKpCOPO4/axh5g=
12,2,n592sFPleYh4EabZMaDsm/CSrg0=,Xgzx54nkHGuhcyd0uZuvaePqkeU=
11,6,n592sFPleYh4EabZMaDsm/CSrg0=,9Mqq6vpctxZU8eHpdZMtXOhWBBk=
12,5,n592sFPleYh4EabZMaDsm/CSrg0=,o7suNPAKqkdBCDq0a2P2x2Ju6l8=
11,4,n592sFPleYh4EabZMaDsm/CSrg0=,Dd/O+IfOiZyeoPeQ9NEXD6WiRrk=
11,5,n592sFPleYh4EabZMaDsm/CSrg0=,Dd/O+IfOiZyeoPeQ9NEXD6WiRrk=
12,4,n592sFPleYh4EabZMaDsm/CSrg0=,o7suNPAKqkdBCDq0a2P2x2Ju6l8=
12,1,n592sFPleYh4EabZMaDsm/CSrg0=,3XoEyK9gRQuUCLQY9nnHKJdEeTY=
12,3,n592sFPleYh4EabZMaDsm/CSrg0=,Xgzx54nkHGuhcyd0uZuvaePqkeU=
9,8,n592sFPleYh4EabZMaDsm/CSrg0=,Yl2MHj06cM0MDFGFzfUsrbKB5F4=
11,7,n592sFPleYh4EabZMaDsm/CSrg0=,9Mqq6vpctxZU8eHpdZMtXOhWBBk=
9,7,n592sFPleYh4EabZMaDsm/CSrg0=,WpLgMjZqYhwPYw/dQD98jwSExUY=
12,8,n592sFPleYh4EabZMaDsm/CSrg0=,UQt8bfVGfTRBu6WQbK3YEQJV7Cc=
12,7,n592sFPleYh4EabZMaDsm/CSrg0=,fKWTn33xjYidvnvGE97AXLkdHZ4=
12,6,n592sFPleYh4EabZMaDsm/CSrg0=,fKWTn33xjYidvnvGE97AXLkdHZ4=
7,10,n592sFPleYh4EabZMaDsm/CSrg0=,NoOaoSk5r+ywRqbcEajgLaokKKI=
12,10,n592sFPleYh4EabZMaDsm/CSrg0=,DVRaJ9KWhwJlYRAeIGrcIaugS9Q=
7,12,n592sFPleYh4EabZMaDsm/CSrg0=,2IA9qOcWmEja5tz+IRzppHElFcM=
8,12,n592sFPleYh4EabZMaDsm/CSrg0=,Y7sOAdJLPvmlyqoCIhpnZgD4mFQ=
8,11,n592sFPleYh4EabZMaDsm/CSrg0=,GGM7PNTI8wiT78MgDnOcdL9TVYA=
11,10,n592sFPleYh4EabZMaDsm/CSrg0=,vqEbkp5W4Y+F0VRwNZoRJbF/bb0=
7,11,n592sFPleYh4EabZMaDsm/CSrg0=,NoOaoSk5r+ywRqbcEajgLaokKKI=
7,9,n592sFPleYh4EabZMaDsm/CSrg0=,kZkccaNxCy0ps0bSNVwuVg0bvwc=
9,10,n592sFPleYh4EabZMaDsm/CSrg0=,GGM7PNTI8wiT78MgDnOcdL9TVYA=
10,7,n592sFPleYh4EabZMaDsm/CSrg0=,9Mqq6vpctxZU8eHpdZMtXOhWBBk=
11,8,n592sFPleYh4EabZMaDsm/CSrg0=,j84rQz9JdvRGQuZwh4NifUdODII=
10,8,n592sFPleYh4EabZMaDsm/CSrg0=,j84rQz9JdvRGQuZwh4NifUdODII=
12,9,n592sFPleYh4EabZMaDsm/CSrg0=,UQt8bfVGfTRBu6WQbK3YEQJV7Cc=
10,12,n592sFPleYh4EabZMaDsm/CSrg0=,EzDCyJG+89uK1kqd4A5+W00c0po=
8,10,n592sFPleYh4EabZMaDsm/CSrg0=,GGM7PNTI8wiT78MgDnOcdL9TVYA=
9,9,n592sFPleYh4EabZMaDsm/CSrg0=,Yl2MHj06cM0MDFGFzfUsrbKB5F4=
10,10,n592sFPleYh4EabZMaDsm/CSrg0=,vqEbkp5W4Y+F0VRwNZoRJbF/bb0=
11,9,n592sFPleYh4EabZMaDsm/CSrg0=,j84rQz9JdvRGQuZwh4NifUdODII=
8,9,n592sFPleYh4EabZMaDsm/CSrg0=,Yl2MHj06cM0MDFGFzfUsrbKB5F4=
10,11,n592sFPleYh4EabZMaDsm/CSrg0=,vqEbkp5W4Y+F0VRwNZoRJbF/bb0=
9,12,n592sFPleYh4EabZMaDsm/CSrg0=,Y7sOAdJLPvmlyqoCIhpnZgD4mFQ=
9,11,n592sFPleYh4EabZMaDsm/CSrg0=,GGM7PNTI8wiT78MgDnOcdL9TVYA=
12,11,n592sFPleYh4EabZMaDsm/CSrg0=,DVRaJ9KWhwJlYRAeIGrcIaugS9Q=
11,11,n592sFPleYh4EabZMaDsm/CSrg0=,vqEbkp5W4Y+F0VRwNZoRJbF/bb0=
11,13,n592sFPleYh4EabZMaDsm/CSrg0=,EzDCyJG+89uK1kqd4A5+W00c0po=
11,12,n592sFPleYh4EabZMaDsm/CSrg0=,EzDCyJG+89uK1kqd4A5+W00c0po=
11,14,n592sFPleYh4EabZMaDsm/CSrg0=,wLgF3UzMCR1BpJSOpp6E/OstyaM=
10,9,n592sFPleYh4EabZMaDsm/CSrg0=,j84rQz9JdvRGQuZwh4NifUdODII=
12,14,n592sFPleYh4EabZMaDsm/CSrg0=,uxBJMO1HPkksuti0eQR0kZ+mmpI=
14,14,n592sFPleYh4EabZMaDsm/CSrg0=,2xkfEv7MkWijXdeg65Ac87vE4EA=
14,9,n592sFPleYh4EabZMaDsm/CSrg0=,wTvb7m3oT1L1PFj7b/yTl+222NE=
14,11,n592sFPleYh4EabZMaDsm/CSrg0=,cimmfxi74s8hDlCJGK9faDbyRqc=
13,11,n592sFPleYh4EabZMaDsm/CSrg0=,DVRaJ9KWhwJlYRAeIGrcIaugS9Q=
14,10,n592sFPleYh4EabZMaDsm/CSrg0=,cimmfxi74s8hDlCJGK9faDbyRqc=
12,13,n592sFPleYh4EabZMaDsm/CSrg0=,WLc01mKhDlxQjuI/i5X3LU5tHC0=
13,10,n592sFPleYh4EabZMaDsm/CSrg0=,DVRaJ9KWhwJlYRAeIGrcIaugS9Q=
13,8,n592sFPleYh4EabZMaDsm/CSrg0=,UQt8bfVGfTRBu6WQbK3YEQJV7Cc=
13,9,n592sFPleYh4EabZMaDsm/CSrg0=,UQt8bfVGfTRBu6WQbK3YEQJV7Cc=
13,7,n592sFPleYh4EabZMaDsm/CSrg0=,fKWTn33xjYidvnvGE97AXLkdHZ4=
13,6,n592sFPleYh4EabZMaDsm/CSrg0=,fKWTn33xjYidvnvGE97AXLkdHZ4=
14,8,n592sFPleYh4EabZMaDsm/CSrg0=,wTvb7m3oT1L1PFj7b/yTl+222NE=
14,5,n592sFPleYh4EabZMaDsm/CSrg0=,hZZnkKNHKYdEvZBDzoRAPOxkNKg=
13,13,n592sFPleYh4EabZMaDsm/CSrg0=,WLc01mKhDlxQjuI/i5X3LU5tHC0=
14,1,n592sFPleYh4EabZMaDsm/CSrg0=,354nUhQJzCUiRqOmy0l74P8BRVY=
13,5,n592sFPleYh4EabZMaDsm/CSrg0=,o7suNPAKqkdBCDq0a2P2x2Ju6l8=
13,14,n592sFPleYh4EabZMaDsm/CSrg0=,uxBJMO1HPkksuti0eQR0kZ+mmpI=
14,13,n592sFPleYh4EabZMaDsm/CSrg0=,FWqJKhFwb5orNQ0A4Bzpj999kJk=
15,4,n592sFPleYh4EabZMaDsm/CSrg0=,hZZnkKNHKYdEvZBDzoRAPOxkNKg=
14,7,n592sFPleYh4EabZMaDsm/CSrg0=,AM2ls2IsCUf+XAbsWtanBSLgxco=
13,1,n592sFPleYh4EabZMaDsm/CSrg0=,3XoEyK9gRQuUCLQY9nnHKJdEeTY=
15,6,n592sFPleYh4EabZMaDsm/CSrg0=,AM2ls2IsCUf+XAbsWtanBSLgxco=
14,6,n592sFPleYh4EabZMaDsm/CSrg0=,AM2ls2IsCUf+XAbsWtanBSLgxco=
14,12,n592sFPleYh4EabZMaDsm/CSrg0=,FWqJKhFwb5orNQ0A4Bzpj999kJk=
15,1,n592sFPleYh4EabZMaDsm/CSrg0=,354nUhQJzCUiRqOmy0l74P8BRVY=
15,5,n592sFPleYh4EabZMaDsm/CSrg0=,hZZnkKNHKYdEvZBDzoRAPOxkNKg=
13,12,n592sFPleYh4EabZMaDsm/CSrg0=,WLc01mKhDlxQjuI/i5X3LU5tHC0=
13,2,n592sFPleYh4EabZMaDsm/CSrg0=,Xgzx54nkHGuhcyd0uZuvaePqkeU=
14,4,n592sFPleYh4EabZMaDsm/CSrg0=,hZZnkKNHKYdEvZBDzoRAPOxkNKg=
12,12,n592sFPleYh4EabZMaDsm/CSrg0=,WLc01mKhDlxQjuI/i5X3LU5tHC0=
14,3,n592sFPleYh4EabZMaDsm/CSrg0=,zNHRdZHISAK8vghhZJ9stOLb/N4=
10,0,n592sFPleYh4EabZMaDsm/CSrg0=,4RmeZXTxHoac7ifsvyu4Uq2YJTc=
14,0,n592sFPleYh4EabZMaDsm/CSrg0=,354nUhQJzCUiRqOmy0l74P8BRVY=
13,3,n592sFPleYh4EabZMaDsm/CSrg0=,Xgzx54nkHGuhcyd0uZuvaePqkeU=
15,3,n592sFPleYh4EabZMaDsm/CSrg0=,zNHRdZHISAK8vghhZJ9stOLb/N4=
12,0,n592sFPleYh4EabZMaDsm/CSrg0=,3XoEyK9gRQuUCLQY9nnHKJdEeTY=
11,0,n592sFPleYh4EabZMaDsm/CSrg0=,4RmeZXTxHoac7ifsvyu4Uq2YJTc=
14,2,n592sFPleYh4EabZMaDsm/CSrg0=,zNHRdZHISAK8vghhZJ9stOLb/N4=
8,0,n592sFPleYh4EabZMaDsm/CSrg0=,CBp9xGhZzlsCM6y7hpmGpXL+s8k=
13,0,n592sFPleYh4EabZMaDsm/CSrg0=,3XoEyK9gRQuUCLQY9nnHKJdEeTY=
7,0,n592sFPleYh4EabZMaDsm/CSrg0=,Dg4z+gl80YlwP0NSPGu1uObEgtg=
6,0,n592sFPleYh4EabZMaDsm/CSrg0=,Dg4z+gl80YlwP0NSPGu1uObEgtg=
15,2,n592sFPleYh4EabZMaDsm/CSrg0=,zNHRdZHISAK8vghhZJ9stOLb/N4=
1,0,n592sFPleYh4EabZMaDsm/CSrg0=,/GULiBaCl4N0cb4QF0qOSQi9NOE=
4,0,n592sFPleYh4EabZMaDsm/CSrg0=,FPQWEPe/OGWrqKwK4xT/rJqUT+o=
0,0,n592sFPleYh4EabZMaDsm/CSrg0=,/GULiBaCl4N0cb4QF0qOSQi9NOE=
9,0,n592sFPleYh4EabZMaDsm/CSrg0=,CBp9xGhZzlsCM6y7hpmGpXL+s8k=
0,2,n592sFPleYh4EabZMaDsm/CSrg0=,0EvXFDvyYJR5Ng+sxSLHSzCnBSQ=
5,0,n592sFPleYh4EabZMaDsm/CSrg0=,FPQWEPe/OGWrqKwK4xT/rJqUT+o=
2,0,n592sFPleYh4EabZMaDsm/CSrg0=,89P3RPI84ddwcBOTJSbVWlgb+rI=
0,3,n592sFPleYh4EabZMaDsm/CSrg0=,0EvXFDvyYJR5Ng+sxSLHSzCnBSQ=
0,4,n592sFPleYh4EabZMaDsm/CSrg0=,xnk1ZA5b31If1Kerrqo123cE91Q=
3,0,n592sFPleYh4EabZMaDsm/CSrg0=,89P3RPI84ddwcBOTJSbVWlgb+rI=
0,9,n592sFPleYh4EabZMaDsm/CSrg0=,PdsEhxrb4WPg0HtplvcbG10CpuQ=
0,5,n592sFPleYh4EabZMaDsm/CSrg0=,xnk1ZA5b31If1Kerrqo123cE91Q=
0,10,n592sFPleYh4EabZMaDsm/CSrg0=,rEjlTAKnXbG8vOa1MUhEucGM1sA=
0,7,n592sFPleYh4EabZMaDsm/CSrg0=,mQAwGcYIhMR29ypd0H6jgtsC4Co=
0,1,n592sFPleYh4EabZMaDsm/CSrg0=,/GULiBaCl4N0cb4QF0qOSQi9NOE=
0,6,n592sFPleYh4EabZMaDsm/CSrg0=,mQAwGcYIhMR29ypd0H6jgtsC4Co=
0,8,n592sFPleYh4EabZMaDsm/CSrg0=,PdsEhxrb4WPg0HtplvcbG10CpuQ=
0,12,n592sFPleYh4EabZMaDsm/CSrg0=,7ZzMKfGNWozWaPaoKa4lAJf756w=
0,14,n592sFPleYh4EabZMaDsm/CSrg0=,fyi4UExjwC3wHu+djxuD/GpnmFQ=
0,11,n592sFPleYh4EabZMaDsm/CSrg0=,rEjlTAKnXbG8vOa1MUhEucGM1sA=
0,13,n592sFPleYh4EabZMaDsm/CSrg0=,7ZzMKfGNWozWaPaoKa4lAJf756w=
1,15,n592sFPleYh4EabZMaDsm/CSrg0=,fyi4UExjwC3wHu+djxuD/GpnmFQ=
0,15,n592sFPleYh4EabZMaDsm/CSrg0=,fyi4UExjwC3wHu+djxuD/GpnmFQ=
4,15,n592sFPleYh4EabZMaDsm/CSrg0=,DQykD0z5u7gUqLSsAc9Am7qtN6w=
6,15,n592sFPleYh4EabZMaDsm/CSrg0=,zbnfwp2gxLXYDwtdpHvui8hzCaU=
5,15,n592sFPleYh4EabZMaDsm/CSrg0=,DQykD0z5u7gUqLSsAc9Am7qtN6w=
2,15,n592sFPleYh4EabZMaDsm/CSrg0=,8vPHT2V7P6lEtVREktWaIvnxiFY=
7,13,n592sFPleYh4EabZMaDsm/CSrg0=,2IA9qOcWmEja5tz+IRzppHElFcM=
8,13,n592sFPleYh4EabZMaDsm/CSrg0=,Y7sOAdJLPvmlyqoCIhpnZgD4mFQ=
3,15,n592sFPleYh4EabZMaDsm/CSrg0=,8vPHT2V7P6lEtVREktWaIvnxiFY=
10,13,n592sFPleYh4EabZMaDsm/CSrg0=,EzDCyJG+89uK1kqd4A5+W00c0po=
12,15,n592sFPleYh4EabZMaDsm/CSrg0=,uxBJMO1HPkksuti0eQR0kZ+mmpI=
9,13,n592sFPleYh4EabZMaDsm/CSrg0=,Y7sOAdJLPvmlyqoCIhpnZgD4mFQ=
11,15,n592sFPleYh4EabZMaDsm/CSrg0=,wLgF3UzMCR1BpJSOpp6E/OstyaM=
7,14,n592sFPleYh4EabZMaDsm/CSrg0=,zbnfwp2gxLXYDwtdpHvui8hzCaU=
13,4,n592sFPleYh4EabZMaDsm/CSrg0=,o7suNPAKqkdBCDq0a2P2x2Ju6l8=
7,15,n592sFPleYh4EabZMaDsm/CSrg0=,zbnfwp2gxLXYDwtdpHvui8hzCaU=
10,15,n592sFPleYh4EabZMaDsm/CSrg0=,wLgF3UzMCR1BpJSOpp6E/OstyaM=
14,15,n592sFPleYh4EabZMaDsm/CSrg0=,2xkfEv7MkWijXdeg65Ac87vE4EA=
10,14,n592sFPleYh4EabZMaDsm/CSrg0=,wLgF3UzMCR1BpJSOpp6E/OstyaM=
15,13,n592sFPleYh4EabZMaDsm/CSrg0=,FWqJKhFwb5orNQ0A4Bzpj999kJk=
15,14,n592sFPleYh4EabZMaDsm/CSrg0=,2xkfEv7MkWijXdeg65Ac87vE4EA=
15,11,n592sFPleYh4EabZMaDsm/CSrg0=,cimmfxi74s8hDlCJGK9faDbyRqc=
13,15,n592sFPleYh4EabZMaDsm/CSrg0=,uxBJMO1HPkksuti0eQR0kZ+mmpI=
15,12,n592sFPleYh4EabZMaDsm/CSrg0=,FWqJKhFwb5orNQ0A4Bzpj999kJk=
15,9,n592sFPleYh4EabZMaDsm/CSrg0=,wTvb7m3oT1L1PFj7b/yTl+222NE=
15,8,n592sFPleYh4EabZMaDsm/CSrg0=,wTvb7m3oT1L1PFj7b/yTl+222NE=
15,15,n592sFPleYh4EabZMaDsm/CSrg0=,2xkfEv7MkWijXdeg65Ac87vE4EA=
15,0,n592sFPleYh4EabZMaDsm/CSrg0=,354nUhQJzCUiRqOmy0l74P8BRVY=
15,10,n592sFPleYh4EabZMaDsm/CSrg0=,cimmfxi74s8hDlCJGK9faDbyRqc=
15,7,n592sFPleYh4EabZMaDsm/CSrg0=,AM2ls2IsCUf+XAbsWtanBSLgxco=
8,15,n592sFPleYh4EabZMaDsm/CSrg0=,rOhM9ZJ8TVADjLELdeFBZ0YNP3E=
9,14,n592sFPleYh4EabZMaDsm/CSrg0=,rOhM9ZJ8TVADjLELdeFBZ0YNP3E=
9,15,n592sFPleYh4EabZMaDsm/CSrg0=,rOhM9ZJ8TVADjLELdeFBZ0YNP3E=
8,14,n592sFPleYh4EabZMaDsm/CSrg0=,rOhM9ZJ8TVADjLELdeFBZ0YNP3E=
5,20,EwYVvfzpyOCS0xEbDIMm1emRIUA=,npdIjlNWZZf3wlc99VcOHEyVJQg=
6,19,EwYVvfzpyOCS0xEbDIMm1emRIUA=,l6DFfQdEFxeReaQ73I+aWySX1mg=
5,19,EwYVvfzpyOCS0xEbDIMm1emRIUA=,w1mssp/slndZV0HfRq5T3968PFI=
6,20,EwYVvfzpyOCS0xEbDIMm1emRIUA=,9UJFi7pTf4CiK3EfUSTi4nz2XMw=
7,19,EwYVvfzpyOCS0xEbDIMm1emRIUA=,l6DFfQdEFxeReaQ73I+aWySX1mg=
8,19,EwYVvfzpyOCS0xEbDIMm1emRIUA=,GuQtYmFas0SYIOvVc2TnUWH2hJg=
8,20,EwYVvfzpyOCS0xEbDIMm1emRIUA=,z83zyaUvTTtpUgKRV3GAZGw+V0M=
7,20,EwYVvfzpyOCS0xEbDIMm1emRIUA=,9UJFi7pTf4CiK3EfUSTi4nz2XMw=
7,21,EwYVvfzpyOCS0xEbDIMm1emRIUA=,9UJFi7pTf4CiK3EfUSTi4nz2XMw=
8,21,EwYVvfzpyOCS0xEbDIMm1emRIUA=,z83zyaUvTTtpUgKRV3GAZGw+V0M=
8,22,EwYVvfzpyOCS0xEbDIMm1emRIUA=,9OVMWwxp9opmlW1xYisX/0kvgB8=
7,22,EwYVvfzpyOCS0xEbDIMm1emRIUA=,C5BI03tG9YHE5EzdzUOK7lrzQjs=
6,24,EwYVvfzpyOCS0xEbDIMm1emRIUA=,MJ7uNWbjIXDWM/SCVZzoPFcFzUk=
6,23,EwYVvfzpyOCS0xEbDIMm1emRIUA=,C5BI03tG9YHE5EzdzUOK7lrzQjs=
5,24,EwYVvfzpyOCS0xEbDIMm1emRIUA=,cajgUr/N6Iqr3LZoOVyBE3k1ltY=
5,23,EwYVvfzpyOCS0xEbDIMm1emRIUA=,mYXaAdNfE06LRewGTyg+bRydHNE=
6,21,EwYVvfzpyOCS0xEbDIMm1emRIUA=,9UJFi7pTf4CiK3EfUSTi4nz2XMw=
5,21,EwYVvfzpyOCS0xEbDIMm1emRIUA=,npdIjlNWZZf3wlc99VcOHEyVJQg=
5,22,EwYVvfzpyOCS0xEbDIMm1emRIUA=,mYXaAdNfE06LRewGTyg+bRydHNE=
6,26,EwYVvfzpyOCS0xEbDIMm1emRIUA=,v0biXEpjnF05wPq6K8gT2/q7zA4=
5,25,EwYVvfzpyOCS0xEbDIMm1emRIUA=,cajgUr/N6Iqr3LZoOVyBE3k1ltY=
5,26,EwYVvfzpyOCS0xEbDIMm1emRIUA=,xrMKdZ+3PhUZrrV7z8UWnlfDF00=
6,25,EwYVvfzpyOCS0xEbDIMm1emRIUA=,MJ7uNWbjIXDWM/SCVZzoPFcFzUk=
6,22,EwYVvfzpyOCS0xEbDIMm1emRIUA=,C5BI03tG9YHE5EzdzUOK7lrzQjs=
5,28,EwYVvfzpyOCS0xEbDIMm1emRIUA=,plu0IQvXwA5vwBrcJ9c1yRGiBqA=
7,27,EwYVvfzpyOCS0xEbDIMm1emRIUA=,v0biXEpjnF05wPq6K8gT2/q7zA4=
8,27,EwYVvfzpyOCS0xEbDIMm1emRIUA=,le1uCfbi2/yW/Pkp91ESG/ogg50=
6,28,EwYVvfzpyOCS0xEbDIMm1emRIUA=,/darIQyBlPwVgo8NWz9NVLffVQU=
6,27,EwYVvfzpyOCS0xEbDIMm1emRIUA=,v0biXEpjnF05wPq6K8gT2/q7zA4=
5,27,EwYVvfzpyOCS0xEbDIMm1emRIUA=,xrMKdZ+3PhUZrrV7z8UWnlfDF00=
8,28,EwYVvfzpyOCS0xEbDIMm1emRIUA=,PiN3JInrXtC7aS+iPAr/tLmtxcc=
7,28,EwYVvfzpyOCS0xEbDIMm1emRIUA=,/darIQyBlPwVgo8NWz9NVLffVQU=
7,26,EwYVvfzpyOCS0xEbDIMm1emRIUA=,v0biXEpjnF05wPq6K8gT2/q7zA4=
9,26,EwYVvfzpyOCS0xEbDIMm1emRIUA=,le1uCfbi2/yW/Pkp91ESG/ogg50=
10,26,EwYVvfzpyOCS0xEbDIMm1emRIUA=,CmUf6XkLjE2wRV5nC01PsHJGpJg=
8,25,EwYVvfzpyOCS0xEbDIMm1emRIUA=,Ys5O70Xt84KCNbYbozxaOik0J2U=
10,25,EwYVvfzpyOCS0xEbDIMm1emRIUA=,sngCAI6X7Z9MsYmdzjM4pioobuI=
9,25,EwYVvfzpyOCS0xEbDIMm1emRIUA=,Ys5O70Xt84KCNbYbozxaOik0J2U=
7,23,EwYVvfzpyOCS0xEbDIMm1emRIUA=,C5BI03tG9YHE5EzdzUOK7lrzQjs=
7,24,EwYVvfzpyOCS0xEbDIMm1emRIUA=,MJ7uNWbjIXDWM/SCVZzoPFcFzUk=
8,23,KqFTLYiwp54LfdBNMEq4AbOSyoI=,9OVMWwxp9opmlW1xYisX/0kvgB8=
12,26,KqFTLYiwp54LfdBNMEq4AbOSyoI=,nCsbokFUTiR+GwhM8Eyi/xPa/2g=
12,25,KqFTLYiwp54LfdBNMEq4AbOSyoI=,2MSo1rGTQm4R2jflBxS0S2fRU9M=
8,24,KqFTLYiwp54LfdBNMEq4AbOSyoI=,Ys5O70Xt84KCNbYbozxaOik0J2U=
7,25,KqFTLYiwp54LfdBNMEq4AbOSyoI=,MJ7uNWbjIXDWM/SCVZzoPFcFzUk=
11,26,KqFTLYiwp54LfdBNMEq4AbOSyoI=,CmUf6XkLjE2wRV5nC01PsHJGpJg=
11,25,KqFTLYiwp54LfdBNMEq4AbOSyoI=,sngCAI6X7Z9MsYmdzjM4pioobuI=
8,26,KqFTLYiwp54LfdBNMEq4AbOSyoI=,le1uCfbi2/yW/Pkp91ESG/ogg50=
14,23,KqFTLYiwp54LfdBNMEq4AbOSyoI=,bHcKCDEbY26An5DKzeLo7SUMIzo=
13,24,KqFTLYiwp54LfdBNMEq4AbOSyoI=,2MSo1rGTQm4R2jflBxS0S2fRU9M=
14,24,KqFTLYiwp54LfdBNMEq4AbOSyoI=,ZIqhYJ9wQH5vpVMk9hZihI2X1wE=
13,23,KqFTLYiwp54LfdBNMEq4AbOSyoI=,arwkwe1varGiq4ylhWhhnQpBXuU=
14,21,KqFTLYiwp54LfdBNMEq4AbOSyoI=,8+4uq3DydHOboXOyvelptQmyeU4=
14,22,KqFTLYiwp54LfdBNMEq4AbOSyoI=,bHcKCDEbY26An5DKzeLo7SUMIzo=
13,21,KqFTLYiwp54LfdBNMEq4AbOSyoI=,q1cNszMbxtPvqBD06Crbw8OAbXE=
13,22,KqFTLYiwp54LfdBNMEq4AbOSyoI=,arwkwe1varGiq4ylhWhhnQpBXuU=
14,20,KqFTLYiwp54LfdBNMEq4AbOSyoI=,8+4uq3DydHOboXOyvelptQmyeU4=
14,19,KqFTLYiwp54LfdBNMEq4AbOSyoI=,YQpzlzmKQ7FmCNQ1cC3S8M92lag=
12,20,KqFTLYiwp54LfdBNMEq4AbOSyoI=,q1cNszMbxtPvqBD06Crbw8OAbXE=
10,19,KqFTLYiwp54LfdBNMEq4AbOSyoI=,9KxZjf+igZhvZ5z5lf5OBqIwxWo=
10,20,KqFTLYiwp54LfdBNMEq4AbOSyoI=,r4KE0W+2eaAWMIR4rSVfdEDn88E=
9,19,KqFTLYiwp54LfdBNMEq4AbOSyoI=,GuQtYmFas0SYIOvVc2TnUWH2hJg=
13,19,KqFTLYiwp54LfdBNMEq4AbOSyoI=,9PjRqsIwNY9Is5DK6WEuMdYU1BE=
9,20,KqFTLYiwp54LfdBNMEq4AbOSyoI=,z83zyaUvTTtpUgKRV3GAZGw+V0M=
13,20,KqFTLYiwp54LfdBNMEq4AbOSyoI=,q1cNszMbxtPvqBD06Crbw8OAbXE=
12,19,KqFTLYiwp54LfdBNMEq4AbOSyoI=,9PjRqsIwNY9Is5DK6WEuMdYU1BE=
11,20,KqFTLYiwp54LfdBNMEq4AbOSyoI=,r4KE0W+2eaAWMIR4rSVfdEDn88E=
11,19,YZB/1i/YfZm0WrnFhNFmobi+arY=,9KxZjf+igZhvZ5z5lf5OBqIwxWo=
12,18,YZB/1i/YfZm0WrnFhNFmobi+arY=,9PjRqsIwNY9Is5DK6WEuMdYU1BE=
12,17,YZB/1i/YfZm0WrnFhNFmobi+arY=,ZsieRNUWzIgHjsIx8GwXEasqjX8=
11,18,YZB/1i/YfZm0WrnFhNFmobi+arY=,9KxZjf+igZhvZ5z5lf5OBqIwxWo=
11,17,YZB/1i/YfZm0WrnFhNFmobi+arY=,A3osC3zNJnVi2UW2YdJ6tNXoOgM=
13,17,YZB/1i/YfZm0WrnFhNFmobi+arY=,ZsieRNUWzIgHjsIx8GwXEasqjX8=
7,18,YZB/1i/YfZm0WrnFhNFmobi+arY=,l6DFfQdEFxeReaQ73I+aWySX1mg=
13,18,YZB/1i/YfZm0WrnFhNFmobi+arY=,9PjRqsIwNY9Is5DK6WEuMdYU1BE=
10,18,YZB/1i/YfZm0WrnFhNFmobi+arY=,9KxZjf+igZhvZ5z5lf5OBqIwxWo=
6,18,YZB/1i/YfZm0WrnFhNFmobi+arY=,l6DFfQdEFxeReaQ73I+aWySX1mg=
7,17,YZB/1i/YfZm0WrnFhNFmobi+arY=,rUKv09d/9Uj0o98RRos4bWzLDuE=
14,17,YZB/1i/YfZm0WrnFhNFmobi+arY=,JgO1UT31KNQPym/49BYyuJwypc0=
5,18,YZB/1i/YfZm0WrnFhNFmobi+arY=,w1mssp/slndZV0HfRq5T3968PFI=
8,18,YZB/1i/YfZm0WrnFhNFmobi+arY=,GuQtYmFas0SYIOvVc2TnUWH2hJg=
10,17,YZB/1i/YfZm0WrnFhNFmobi+arY=,A3osC3zNJnVi2UW2YdJ6tNXoOgM=
9,17,YZB/1i/YfZm0WrnFhNFmobi+arY=,zTn/wD6Nju7Z7LQnySzRcm+okRI=
5,17,AbOjg6Jbg4pFbBPBLYbW1tdycAs=,Mbpst0Qx210KCPxVEwe+bkB0LFw=
14,18,AbOjg6Jbg4pFbBPBLYbW1tdycAs=,YQpzlzmKQ7FmCNQ1cC3S8M92lag=
8,17,AbOjg6Jbg4pFbBPBLYbW1tdycAs=,zTn/wD6Nju7Z7LQnySzRcm+okRI=
9,18,AbOjg6Jbg4pFbBPBLYbW1tdycAs=,GuQtYmFas0SYIOvVc2TnUWH2hJg=
6,17,AbOjg6Jbg4pFbBPBLYbW1tdycAs=,rUKv09d/9Uj0o98RRos4bWzLDuE=
3,22,AbOjg6Jbg4pFbBPBLYbW1tdycAs=,9HniV/jwDYUqtX8CVdztSQcueU4=
3,18,AbOjg6Jbg4pFbBPBLYbW1tdycAs=,IAFq0mbMZtEEwDvWE2z9eedNz5k=
3,20,AbOjg6Jbg4pFbBPBLYbW1tdycAs=,DnFzurK+e0FFsyRnma8VIjSqJU0=
4,17,AbOjg6Jbg4pFbBPBLYbW1tdycAs=,Mbpst0Qx210KCPxVEwe+bkB0LFw=
4,18,AbOjg6Jbg4pFbBPBLYbW1tdycAs=,w1mssp/slndZV0HfRq5T3968PFI=
4,19,AbOjg6Jbg4pFbBPBLYbW1tdycAs=,w1mssp/slndZV0HfRq5T3968PFI=
3,17,AbOjg6Jbg4pFbBPBLYbW1tdycAs=,rZiO4JKBskXP8plHq8E8RmQ3aRM=
3,23,AbOjg6Jbg4pFbBPBLYbW1tdycAs=,9HniV/jwDYUqtX8CVdztSQcueU4=
4,23,AbOjg6Jbg4pFbBPBLYbW1tdycAs=,mYXaAdNfE06LRewGTyg+bRydHNE=
4,24,AbOjg6Jbg4pFbBPBLYbW1tdycAs=,cajgUr/N6Iqr3LZoOVyBE3k1ltY=
3,24,AbOjg6Jbg4pFbBPBLYbW1tdycAs=,QitmV6Uy74b511XKDB2JERhdrK8=
4,20,AbOjg6Jbg4pFbBPBLYbW1tdycAs=,npdIjlNWZZf3wlc99VcOHEyVJQg=
4,22,AbOjg6Jbg4pFbBPBLYbW1tdycAs=,mYXaAdNfE06LRewGTyg+bRydHNE=
3,21,AbOjg6Jbg4pFbBPBLYbW1tdycAs=,DnFzurK+e0FFsyRnma8VIjSqJU0=
4,21,AbOjg6Jbg4pFbBPBLYbW1tdycAs=,npdIjlNWZZf3wlc99VcOHEyVJQg=
3,19,AbOjg6Jbg4pFbBPBLYbW1tdycAs=,IAFq0mbMZtEEwDvWE2z9eedNz5k=
3,28,AbOjg6Jbg4pFbBPBLYbW1tdycAs=,dRJRvtEaRZnDobtJFSkeg1WyomQ=
4,27,/ia44ry6eN13Ao0+sb50KqQ4NQc=,xrMKdZ+3PhUZrrV7z8UWnlfDF00=
4,28,/ia44ry6eN13Ao0+sb50KqQ4NQc=,plu0IQvXwA5vwBrcJ9c1yRGiBqA=
4,25,/ia44ry6eN13Ao0+sb50KqQ4NQc=,cajgUr/N6Iqr3LZoOVyBE3k1ltY=
4,26,/ia44ry6eN13Ao0+sb50KqQ4NQc=,xrMKdZ+3PhUZrrV7z8UWnlfDF00=
3,25,/ia44ry6eN13Ao0+sb50KqQ4NQc=,QitmV6Uy74b511XKDB2JERhdrK8=
3,26,/ia44ry6eN13Ao0+sb50KqQ4NQc=,fcRhRGeRwuiTgM1FRL8mOG9AwN0=
3,27,/ia44ry6eN13Ao0+sb50KqQ4NQc=,fcRhRGeRwuiTgM1FRL8mOG9AwN0=
1,25,/ia44ry6eN13Ao0+sb50KqQ4NQc=,e1r/10h2YAInETZ/Z5TwpXf0sEw=
2,25,/ia44ry6eN13Ao0+sb50KqQ4NQc=,QitmV6Uy74b511XKDB2JERhdrK8=
2,26,/ia44ry6eN13Ao0+sb50KqQ4NQc=,fcRhRGeRwuiTgM1FRL8mOG9AwN0=
2,28,/ia44ry6eN13Ao0+sb50KqQ4NQc=,dRJRvtEaRZnDobtJFSkeg1WyomQ=
1,26,/ia44ry6eN13Ao0+sb50KqQ4NQc=,/3NSK9pDSdFrcpPFUsbfC2ew90o=
1,27,/ia44ry6eN13Ao0+sb50KqQ4NQc=,/3NSK9pDSdFrcpPFUsbfC2ew90o=
2,27,/ia44ry6eN13Ao0+sb50KqQ4NQc=,fcRhRGeRwuiTgM1FRL8mOG9AwN0=
1,28,/ia44ry6eN13Ao0+sb50KqQ4NQc=,xn8a/f7x6TQy69zlFA5pOdA/CjY=
1,24,/ia44ry6eN13Ao0+sb50KqQ4NQc=,e1r/10h2YAInETZ/Z5TwpXf0sEw=
2,23,/ia44ry6eN13Ao0+sb50KqQ4NQc=,9HniV/jwDYUqtX8CVdztSQcueU4=
2,24,/ia44ry6eN13Ao0+sb50KqQ4NQc=,QitmV6Uy74b511XKDB2JERhdrK8=
1,23,/ia44ry6eN13Ao0+sb50KqQ4NQc=,WBnwVy9iU62nqCyoR7ZCAIMh8IU=
1,22,/ia44ry6eN13Ao0+sb50KqQ4NQc=,WBnwVy9iU62nqCyoR7ZCAIMh8IU=
2,22,/ia44ry6eN13Ao0+sb50KqQ4NQc=,9HniV/jwDYUqtX8CVdztSQcueU4=
1,21,/ia44ry6eN13Ao0+sb50KqQ4NQc=,uTN0YyNP3Nm9oQ6hrIRhyRarvjw=
2,21,/ia44ry6eN13Ao0+sb50KqQ4NQc=,DnFzurK+e0FFsyRnma8VIjSqJU0=
2,17,/ia44ry6eN13Ao0+sb50KqQ4NQc=,rZiO4JKBskXP8plHq8E8RmQ3aRM=
2,19,/ia44ry6eN13Ao0+sb50KqQ4NQc=,IAFq0mbMZtEEwDvWE2z9eedNz5k=
0,19,/ia44ry6eN13Ao0+sb50KqQ4NQc=,Q7L546Hz3lKz2UOyXO5ljhJL0MU=
2,20,/ia44ry6eN13Ao0+sb50KqQ4NQc=,DnFzurK+e0FFsyRnma8VIjSqJU0=
1,19,/ia44ry6eN13Ao0+sb50KqQ4NQc=,Q7L546Hz3lKz2UOyXO5ljhJL0MU=
1,17,/ia44ry6eN13Ao0+sb50KqQ4NQc=,0mbnPlykpTBM72iCujfipQoyKcI=
2,16,/ia44ry6eN13Ao0+sb50KqQ4NQc=,rZiO4JKBskXP8plHq8E8RmQ3aRM=
1,18,/ia44ry6eN13Ao0+sb50KqQ4NQc=,Q7L546Hz3lKz2UOyXO5ljhJL0MU=
0,20,/ia44ry6eN13Ao0+sb50KqQ4NQc=,uTN0YyNP3Nm9oQ6hrIRhyRarvjw=
1,20,7h6oyqfbv92tN/JUUjpO2SZwAUM=,uTN0YyNP3Nm9oQ6hrIRhyRarvjw=
0,17,7h6oyqfbv92tN/JUUjpO2SZwAUM=,0mbnPlykpTBM72iCujfipQoyKcI=
1,16,7h6oyqfbv92tN/JUUjpO2SZwAUM=,0mbnPlykpTBM72iCujfipQoyKcI=
10,16,7h6oyqfbv92tN/JUUjpO2SZwAUM=,A3osC3zNJnVi2UW2YdJ6tNXoOgM=
8,16,7h6oyqfbv92tN/JUUjpO2SZwAUM=,zTn/wD6Nju7Z7LQnySzRcm+okRI=
2,18,7h6oyqfbv92tN/JUUjpO2SZwAUM=,IAFq0mbMZtEEwDvWE2z9eedNz5k=
7,16,7h6oyqfbv92tN/JUUjpO2SZwAUM=,rUKv09d/9Uj0o98RRos4bWzLDuE=
3,16,7h6oyqfbv92tN/JUUjpO2SZwAUM=,rZiO4JKBskXP8plHq8E8RmQ3aRM=
0,18,7h6oyqfbv92tN/JUUjpO2SZwAUM=,Q7L546Hz3lKz2UOyXO5ljhJL0MU=
9,16,7h6oyqfbv92tN/JUUjpO2SZwAUM=,zTn/wD6Nju7Z7LQnySzRcm+okRI=
11,16,7h6oyqfbv92tN/JUUjpO2SZwAUM=,A3osC3zNJnVi2UW2YdJ6tNXoOgM=
15,22,7h6oyqfbv92tN/JUUjpO2SZwAUM=,bHcKCDEbY26An5DKzeLo7SUMIzo=
15,21,7h6oyqfbv92tN/JUUjpO2SZwAUM=,8+4uq3DydHOboXOyvelptQmyeU4=
15,23,7h6oyqfbv92tN/JUUjpO2SZwAUM=,bHcKCDEbY26An5DKzeLo7SUMIzo=
4,16,7h6oyqfbv92tN/JUUjpO2SZwAUM=,Mbpst0Qx210KCPxVEwe+bkB0LFw=
15,24,7h6oyqfbv92tN/JUUjpO2SZwAUM=,ZIqhYJ9wQH5vpVMk9hZihI2X1wE=
5,16,7h6oyqfbv92tN/JUUjpO2SZwAUM=,Mbpst0Qx210KCPxVEwe+bkB0LFw=
13,16,7h6oyqfbv92tN/JUUjpO2SZwAUM=,ZsieRNUWzIgHjsIx8GwXEasqjX8=
6,16,7h6oyqfbv92tN/JUUjpO2SZwAUM=,rUKv09d/9Uj0o98RRos4bWzLDuE=
15,17,7h6oyqfbv92tN/JUUjpO2SZwAUM=,JgO1UT31KNQPym/49BYyuJwypc0=
14,16,7h6oyqfbv92tN/JUUjpO2SZwAUM=,JgO1UT31KNQPym/49BYyuJwypc0=
15,20,7h6oyqfbv92tN/JUUjpO2SZwAUM=,8+4uq3DydHOboXOyvelptQmyeU4=
12,16,7h6oyqfbv92tN/JUUjpO2SZwAUM=,ZsieRNUWzIgHjsIx8GwXEasqjX8=
14,25,7h6oyqfbv92tN/JUUjpO2SZwAUM=,ZIqhYJ9wQH5vpVMk9hZihI2X1wE=
13,26,7h6oyqfbv92tN/JUUjpO2SZwAUM=,nCsbokFUTiR+GwhM8Eyi/xPa/2g=
15,25,7h6oyqfbv92tN/JUUjpO2SZwAUM=,ZIqhYJ9wQH5vpVMk9hZihI2X1wE=
13,25,7h6oyqfbv92tN/JUUjpO2SZwAUM=,2MSo1rGTQm4R2jflBxS0S2fRU9M=
12,27,7h6oyqfbv92tN/JUUjpO2SZwAUM=,nCsbokFUTiR+GwhM8Eyi/xPa/2g=
11,27,7h6oyqfbv92tN/JUUjpO2SZwAUM=,CmUf6XkLjE2wRV5nC01PsHJGpJg=
10,27,7h6oyqfbv92tN/JUUjpO2SZwAUM=,CmUf6XkLjE2wRV5nC01PsHJGpJg=
13,27,7h6oyqfbv92tN/JUUjpO2SZwAUM=,nCsbokFUTiR+GwhM8Eyi/xPa/2g=
9,28,7h6oyqfbv92tN/JUUjpO2SZwAUM=,PiN3JInrXtC7aS+iPAr/tLmtxcc=
12,28,7h6oyqfbv92tN/JUUjpO2SZwAUM=,TTaUKDIPAqOEItiAUe85mqKSXQw=
14,26,7h6oyqfbv92tN/JUUjpO2SZwAUM=,ZxO8+n7zZz9o8lXRruqD6xnMR+s=
15,26,7h6oyqfbv92tN/JUUjpO2SZwAUM=,ZxO8+n7zZz9o8lXRruqD6xnMR+s=
14,28,7h6oyqfbv92tN/JUUjpO2SZwAUM=,7yA8/FpWCsCNlbiSCiFvxztSnPk=
14,27,7h6oyqfbv92tN/JUUjpO2SZwAUM=,ZxO8+n7zZz9o8lXRruqD6xnMR+s=
9,27,7h6oyqfbv92tN/JUUjpO2SZwAUM=,le1uCfbi2/yW/Pkp91ESG/ogg50=
15,28,7h6oyqfbv92tN/JUUjpO2SZwAUM=,7yA8/FpWCsCNlbiSCiFvxztSnPk=
15,27,7h6oyqfbv92tN/JUUjpO2SZwAUM=,ZxO8+n7zZz9o8lXRruqD6xnMR+s=
13,28,7h6oyqfbv92tN/JUUjpO2SZwAUM=,TTaUKDIPAqOEItiAUe85mqKSXQw=
15,19,7h6oyqfbv92tN/JUUjpO2SZwAUM=,YQpzlzmKQ7FmCNQ1cC3S8M92lag=
10,28,7h6oyqfbv92tN/JUUjpO2SZwAUM=,YPjmf9UtxDMwWmXkXze2VKXwtLc=
11,28,7h6oyqfbv92tN/JUUjpO2SZwAUM=,YPjmf9UtxDMwWmXkXze2VKXwtLc=
14,29,7h6oyqfbv92tN/JUUjpO2SZwAUM=,7yA8/FpWCsCNlbiSCiFvxztSnPk=
15,18,7h6oyqfbv92tN/JUUjpO2SZwAUM=,YQpzlzmKQ7FmCNQ1cC3S8M92lag=
13,29,7h6oyqfbv92tN/JUUjpO2SZwAUM=,TTaUKDIPAqOEItiAUe85mqKSXQw=
11,29,7h6oyqfbv92tN/JUUjpO2SZwAUM=,YPjmf9UtxDMwWmXkXze2VKXwtLc=
10,29,7h6oyqfbv92tN/JUUjpO2SZwAUM=,YPjmf9UtxDMwWmXkXze2VKXwtLc=
9,29,7h6oyqfbv92tN/JUUjpO2SZwAUM=,PiN3JInrXtC7aS+iPAr/tLmtxcc=
12,29,7h6oyqfbv92tN/JUUjpO2SZwAUM=,TTaUKDIPAqOEItiAUe85mqKSXQw=
7,29,7h6oyqfbv92tN/JUUjpO2SZwAUM=,/darIQyBlPwVgo8NWz9NVLffVQU=
8,29,7h6oyqfbv92tN/JUUjpO2SZwAUM=,PiN3JInrXtC7aS+iPAr/tLmtxcc=
0,27,7h6oyqfbv92tN/JUUjpO2SZwAUM=,/3NSK9pDSdFrcpPFUsbfC2ew90o=
0,28,7h6oyqfbv92tN/JUUjpO2SZwAUM=,xn8a/f7x6TQy69zlFA5pOdA/CjY=
0,25,7h6oyqfbv92tN/JUUjpO2SZwAUM=,e1r/10h2YAInETZ/Z5TwpXf0sEw=
0,26,7h6oyqfbv92tN/JUUjpO2SZwAUM=,/3NSK9pDSdFrcpPFUsbfC2ew90o=
0,24,7h6oyqfbv92tN/JUUjpO2SZwAUM=,e1r/10h2YAInETZ/Z5TwpXf0sEw=
0,22,7h6oyqfbv92tN/JUUjpO2SZwAUM=,WBnwVy9iU62nqCyoR7ZCAIMh8IU=
0,23,7h6oyqfbv92tN/JUUjpO2SZwAUM=,WBnwVy9iU62nqCyoR7ZCAIMh8IU=
9,24,7h6oyqfbv92tN/JUUjpO2SZwAUM=,Ys5O70Xt84KCNbYbozxaOik0J2U=
15,29,7h6oyqfbv92tN/JUUjpO2SZwAUM=,7yA8/FpWCsCNlbiSCiFvxztSnPk=
9,21,7h6oyqfbv92tN/JUUjpO2SZwAUM=,z83zyaUvTTtpUgKRV3GAZGw+V0M=
5,29,7h6oyqfbv92tN/JUUjpO2SZwAUM=,plu0IQvXwA5vwBrcJ9c1yRGiBqA=
0,29,7h6oyqfbv92tN/JUUjpO2SZwAUM=,xn8a/f7x6TQy69zlFA5pOdA/CjY=
6,29,7h6oyqfbv92tN/JUUjpO2SZwAUM=,/darIQyBlPwVgo8NWz9NVLffVQU=
1,29,7h6oyqfbv92tN/JUUjpO2SZwAUM=,xn8a/f7x6TQy69zlFA5pOdA/CjY=
2,29,7h6oyqfbv92tN/JUUjpO2SZwAUM=,dRJRvtEaRZnDobtJFSkeg1WyomQ=
3,29,7h6oyqfbv92tN/JUUjpO2SZwAUM=,dRJRvtEaRZnDobtJFSkeg1WyomQ=
4,29,7h6oyqfbv92tN/JUUjpO2SZwAUM=,plu0IQvXwA5vwBrcJ9c1yRGiBqA=
10,24,7h6oyqfbv92tN/JUUjpO2SZwAUM=,sngCAI6X7Z9MsYmdzjM4pioobuI=
10,21,7h6oyqfbv92tN/JUUjpO2SZwAUM=,r4KE0W+2eaAWMIR4rSVfdEDn88E=
11,24,7h6oyqfbv92tN/JUUjpO2SZwAUM=,sngCAI6X7Z9MsYmdzjM4pioobuI=
0,21,7h6oyqfbv92tN/JUUjpO2SZwAUM=,uTN0YyNP3Nm9oQ6hrIRhyRarvjw=
12,24,7h6oyqfbv92tN/JUUjpO2SZwAUM=,2MSo1rGTQm4R2jflBxS0S2fRU9M=
9,23,7h6oyqfbv92tN/JUUjpO2SZwAUM=,9OVMWwxp9opmlW1xYisX/0kvgB8=
11,21,7h6oyqfbv92tN/JUUjpO2SZwAUM=,r4KE0W+2eaAWMIR4rSVfdEDn88E=
9,22,7h6oyqfbv92tN/JUUjpO2SZwAUM=,9OVMWwxp9opmlW1xYisX/0kvgB8=
12,21,7h6oyqfbv92tN/JUUjpO2SZwAUM=,q1cNszMbxtPvqBD06Crbw8OAbXE=
12,23,7h6oyqfbv92tN/JUUjpO2SZwAUM=,arwkwe1varGiq4ylhWhhnQpBXuU=
15,16,7h6oyqfbv92tN/JUUjpO2SZwAUM=,JgO1UT31KNQPym/49BYyuJwypc0=
12,22,7h6oyqfbv92tN/JUUjpO2SZwAUM=,arwkwe1varGiq4ylhWhhnQpBXuU=
0,16,7h6oyqfbv92tN/JUUjpO2SZwAUM=,0mbnPlykpTBM72iCujfipQoyKcI=
11,22,7h6oyqfbv92tN/JUUjpO2SZwAUM=,U7u3jY910l7jREwtkTvx5FJecNE=
10,22,7h6oyqfbv92tN/JUUjpO2SZwAUM=,U7u3jY910l7jREwtkTvx5FJecNE=
10,23,7h6oyqfbv92tN/JUUjpO2SZwAUM=,U7u3jY910l7jREwtkTvx5FJecNE=
11,23,7h6oyqfbv92tN/JUUjpO2SZwAUM=,U7u3jY910l7jREwtkTvx5FJecNE=
25,24,Dsmls/enep/COBkD0q3ESFOrf74=,ie9dLdAvHzIyIFToK4NxT/aAxvg=
25,23,Dsmls/enep/COBkD0q3ESFOrf74=,Sbf/G3xL5/wq9ulOwIN7REDzSEc=
26,23,Dsmls/enep/COBkD0q3ESFOrf74=,/bOYlhN0eBjfZS001slKDlx+lpE=
26,24,Dsmls/enep/COBkD0q3ESFOrf74=,ZL3B30yW3NcYve6RuFlON7yR4nA=
25,22,Dsmls/enep/COBkD0q3ESFOrf74=,Sbf/G3xL5/wq9ulOwIN7REDzSEc=
26,21,Dsmls/enep/COBkD0q3ESFOrf74=,kQr0G8pytQY7g8a7uUQPN4+idGQ=
26,22,Dsmls/enep/COBkD0q3ESFOrf74=,/bOYlhN0eBjfZS001slKDlx+lpE=
25,21,Dsmls/enep/COBkD0q3ESFOrf74=,UpjiB2+dgPd1frsY+InvO750QSw=
29,20,Dsmls/enep/COBkD0q3ESFOrf74=,gv890apjDCj8DQH6QNa6pBpOAhM=
28,20,Dsmls/enep/COBkD0q3ESFOrf74=,gv890apjDCj8DQH6QNa6pBpOAhM=
27,20,f7KcUlipxS5EeS9RaxcWtYzPkpM=,kQr0G8pytQY7g8a7uUQPN4+idGQ=
27,18,f7KcUlipxS5EeS9RaxcWtYzPkpM=,3I+Eoo39jleKcvPRrHstQFzSAdE=
28,17,f7KcUlipxS5EeS9RaxcWtYzPkpM=,5PQmxISe2maI5uEyKWMp55S+uuY=
27,17,f7KcUlipxS5EeS9RaxcWtYzPkpM=,RjGuujB/NUIOC8NWQxhaW9BBmBc=
28,19,f7KcUlipxS5EeS9RaxcWtYzPkpM=,i4OCU9LPm6ES3c9Ruq9qkoKosvA=
27,19,f7KcUlipxS5EeS9RaxcWtYzPkpM=,3I+Eoo39jleKcvPRrHstQFzSAdE=
28,18,f7KcUlipxS5EeS9RaxcWtYzPkpM=,i4OCU9LPm6ES3c9Ruq9qkoKosvA=
29,19,f7KcUlipxS5EeS9RaxcWtYzPkpM=,i4OCU9LPm6ES3c9Ruq9qkoKosvA=
30,19,f7KcUlipxS5EeS9RaxcWtYzPkpM=,2WUdh8aW6k2FOht5bggeO8bwsyw=
30,20,f7KcUlipxS5EeS9RaxcWtYzPkpM=,daOWnPNfHE0UkB/HUcpAFqCiwLo=
29,17,f7KcUlipxS5EeS9RaxcWtYzPkpM=,5PQmxISe2maI5uEyKWMp55S+uuY=
30,18,f7KcUlipxS5EeS9RaxcWtYzPkpM=,2WUdh8aW6k2FOht5bggeO8bwsyw=
26,20,CCS1mJ741RvwBcUI6nFNingLdV8=,kQr0G8pytQY7g8a7uUQPN4+idGQ=
25,20,CCS1mJ741RvwBcUI6nFNingLdV8=,UpjiB2+dgPd1frsY+InvO750QSw=
26,19,CCS1mJ741RvwBcUI6nFNingLdV8=,3I+Eoo39jleKcvPRrHstQFzSAdE=
25,19,CCS1mJ741RvwBcUI6nFNingLdV8=,vCBAxmtLkXmdBv5+W5OET61yyvc=
29,18,CCS1mJ741RvwBcUI6nFNingLdV8=,i4OCU9LPm6ES3c9Ruq9qkoKosvA=
30,17,CCS1mJ741RvwBcUI6nFNingLdV8=,cDjY+JN/mNgcFZ9zLB29JbZwpFw=
26,18,CCS1mJ741RvwBcUI6nFNingLdV8=,3I+Eoo39jleKcvPRrHstQFzSAdE=
25,18,CCS1mJ741RvwBcUI6nFNingLdV8=,vCBAxmtLkXmdBv5+W5OET61yyvc=
25,17,CCS1mJ741RvwBcUI6nFNingLdV8=,hwqihN2LXw7nXIbXJYE4Q42UtKc=
26,17,CCS1mJ741RvwBcUI6nFNingLdV8=,RjGuujB/NUIOC8NWQxhaW9BBmBc=
21,17,CCS1mJ741RvwBcUI6nFNingLdV8=,P0by8ZMcXMQ0W9FcnwnVE82Ucb0=
23,18,CCS1mJ741RvwBcUI6nFNingLdV8=,R0zi2WhYUVlCQGYAsSHi3q4vwJI=
22,17,CCS1mJ741RvwBcUI6nFNingLdV8=,rn3s5V8dn3tilt7NFqSaVtmgf+Y=
22,18,CCS1mJ741RvwBcUI6nFNingLdV8=,R0zi2WhYUVlCQGYAsSHi3q4vwJI=
21,18,CCS1mJ741RvwBcUI6nFNingLdV8=,MaFv0BIpiBfxSDdgWIAfnqRonnk=
23,17,CCS1mJ741RvwBcUI6nFNingLdV8=,rn3s5V8dn3tilt7NFqSaVtmgf+Y=
24,18,CCS1mJ741RvwBcUI6nFNingLdV8=,vCBAxmtLkXmdBv5+W5OET61yyvc=
23,19,CCS1mJ741RvwBcUI6nFNingLdV8=,R0zi2WhYUVlCQGYAsSHi3q4vwJI=
24,17,CCS1mJ741RvwBcUI6nFNingLdV8=,hwqihN2LXw7nXIbXJYE4Q42UtKc=
24,19,CCS1mJ741RvwBcUI6nFNingLdV8=,vCBAxmtLkXmdBv5+W5OET61yyvc=
23,20,CCS1mJ741RvwBcUI6nFNingLdV8=,JrvQEjWk7TcIZDyuNAqJG4KgfUU=
24,20,CCS1mJ741RvwBcUI6nFNingLdV8=,UpjiB2+dgPd1frsY+InvO750QSw=
21,19,CCS1mJ741RvwBcUI6nFNingLdV8=,MaFv0BIpiBfxSDdgWIAfnqRonnk=
22,19,CCS1mJ741RvwBcUI6nFNingLdV8=,R0zi2WhYUVlCQGYAsSHi3q4vwJI=
21,20,CCS1mJ741RvwBcUI6nFNingLdV8=,ewbZoC7ZB6W26ZVx2NTmg7TWwGs=
22,20,CCS1mJ741RvwBcUI6nFNingLdV8=,JrvQEjWk7TcIZDyuNAqJG4KgfUU=
23,21,CCS1mJ741RvwBcUI6nFNingLdV8=,JrvQEjWk7TcIZDyuNAqJG4KgfUU=
23,22,CCS1mJ741RvwBcUI6nFNingLdV8=,Rz5MqOxyRjmZ/huyKTeFR4NkOOw=
24,22,CCS1mJ741RvwBcUI6nFNingLdV8=,Sbf/G3xL5/wq9ulOwIN7REDzSEc=
24,21,CCS1mJ741RvwBcUI6nFNingLdV8=,UpjiB2+dgPd1frsY+InvO750QSw=
22,22,CCS1mJ741RvwBcUI6nFNingLdV8=,Rz5MqOxyRjmZ/huyKTeFR4NkOOw=
22,21,3TNEq6lZT+qjJG8GXCRrDXmM97s=,JrvQEjWk7TcIZDyuNAqJG4KgfUU=
21,22,3TNEq6lZT+qjJG8GXCRrDXmM97s=,T2y3TWOORdwfRC5qWaGcfXhFzgA=
21,21,3TNEq6lZT+qjJG8GXCRrDXmM97s=,ewbZoC7ZB6W26ZVx2NTmg7TWwGs=
17,21,3TNEq6lZT+qjJG8GXCRrDXmM97s=,Fr3ZUhC/3xEHAEBjVx0PNzvJu/s=
20,21,3TNEq6lZT+qjJG8GXCRrDXmM97s=,ewbZoC7ZB6W26ZVx2NTmg7TWwGs=
19,21,3TNEq6lZT+qjJG8GXCRrDXmM97s=,piqBBrWTSx8kuBgPEXBaBP+wChg=
18,21,3TNEq6lZT+qjJG8GXCRrDXmM97s=,piqBBrWTSx8kuBgPEXBaBP+wChg=
19,22,6M070cne6GSGUPo7SZyBfPngj30=,Lz4mwfVJ1qSqjzOVCdYnodMPYAE=
18,22,6M070cne6GSGUPo7SZyBfPngj30=,Lz4mwfVJ1qSqjzOVCdYnodMPYAE=
20,22,6M070cne6GSGUPo7SZyBfPngj30=,T2y3TWOORdwfRC5qWaGcfXhFzgA=
17,22,6M070cne6GSGUPo7SZyBfPngj30=,yHVxrfETUhAEK2q6jcX3Eaj0UBM=
17,23,6M070cne6GSGUPo7SZyBfPngj30=,yHVxrfETUhAEK2q6jcX3Eaj0UBM=
18,25,6M070cne6GSGUPo7SZyBfPngj30=,OY9VrNHLAqRzK93Rg03q06+jSwY=
18,23,6M070cne6GSGUPo7SZyBfPngj30=,Lz4mwfVJ1qSqjzOVCdYnodMPYAE=
17,26,6M070cne6GSGUPo7SZyBfPngj30=,7f9M7dLCK8QU05oT2keS88IEgno=
18,26,6M070cne6GSGUPo7SZyBfPngj30=,0JkGxWxjVZzxx7VgkQ2qWTs+Azg=
18,24,6M070cne6GSGUPo7SZyBfPngj30=,OY9VrNHLAqRzK93Rg03q06+jSwY=
17,25,6M070cne6GSGUPo7SZyBfPngj30=,xoAEFDKxK31EAFIXG3gUYfRxFns=
17,24,6M070cne6GSGUPo7SZyBfPngj30=,xoAEFDKxK31EAFIXG3gUYfRxFns=
18,27,6M070cne6GSGUPo7SZyBfPngj30=,0JkGxWxjVZzxx7VgkQ2qWTs+Azg=
18,28,6M070cne6GSGUPo7SZyBfPngj30=,UudFiJqi915luVQ/fbjDSavQlnc=
17,28,6M070cne6GSGUPo7SZyBfPngj30=,gcwGDKQhBrvJ3yB87+VcmCsI5C8=
19,27,6M070cne6GSGUPo7SZyBfPngj30=,0JkGxWxjVZzxx7VgkQ2qWTs+Azg=
17,27,6M070cne6GSGUPo7SZyBfPngj30=,7f9M7dLCK8QU05oT2keS88IEgno=
20,27,6M070cne6GSGUPo7SZyBfPngj30=,vfn09aoKh1ymP3Hv/bwWiPGgW24=
20,28,2d63pS/H+9LVmDVcASf5T9qZXFM=,IFpXfNqLaqo67Gn7tYKZx9stKoU=
19,28,YLSjIDJPt7caljz9FSyPF7t8rco=,UudFiJqi915luVQ/fbjDSavQlnc=
20,23,YLSjIDJPt7caljz9FSyPF7t8rco=,T2y3TWOORdwfRC5qWaGcfXhFzgA=
20,24,YLSjIDJPt7caljz9FSyPF7t8rco=,DDgKDzFwZjqyVBYAlHlsra6XZKA=
24,24,YLSjIDJPt7caljz9FSyPF7t8rco=,ie9dLdAvHzIyIFToK4NxT/aAxvg=
20,26,YLSjIDJPt7caljz9FSyPF7t8rco=,vfn09aoKh1ymP3Hv/bwWiPGgW24=
22,24,YLSjIDJPt7caljz9FSyPF7t8rco=,KIkx6wRSUMpYNGdIV0KHeLw7JHI=
19,23,YLSjIDJPt7caljz9FSyPF7t8rco=,Lz4mwfVJ1qSqjzOVCdYnodMPYAE=
19,26,bTILbt3xJUp17DNo6uvViZj3lok=,0JkGxWxjVZzxx7VgkQ2qWTs+Azg=
24,25,bTILbt3xJUp17DNo6uvViZj3lok=,ie9dLdAvHzIyIFToK4NxT/aAxvg=
24,23,bTILbt3xJUp17DNo6uvViZj3lok=,Sbf/G3xL5/wq9ulOwIN7REDzSEc=
19,25,bTILbt3xJUp17DNo6uvViZj3lok=,OY9VrNHLAqRzK93Rg03q06+jSwY=
19,24,bTILbt3xJUp17DNo6uvViZj3lok=,OY9VrNHLAqRzK93Rg03q06+jSwY=
22,23,bTILbt3xJUp17DNo6uvViZj3lok=,Rz5MqOxyRjmZ/huyKTeFR4NkOOw=
23,25,bTILbt3xJUp17DNo6uvViZj3lok=,KIkx6wRSUMpYNGdIV0KHeLw7JHI=
20,25,fkjeuI53TDNObqreYNzsk7Jyzng=,DDgKDzFwZjqyVBYAlHlsra6XZKA=
21,26,fkjeuI53TDNObqreYNzsk7Jyzng=,vfn09aoKh1ymP3Hv/bwWiPGgW24=
21,23,fkjeuI53TDNObqreYNzsk7Jyzng=,T2y3TWOORdwfRC5qWaGcfXhFzgA=
23,24,fkjeuI53TDNObqreYNzsk7Jyzng=,KIkx6wRSUMpYNGdIV0KHeLw7JHI=
21,24,fkjeuI53TDNObqreYNzsk7Jyzng=,DDgKDzFwZjqyVBYAlHlsra6XZKA=
23,23,fkjeuI53TDNObqreYNzsk7Jyzng=,Rz5MqOxyRjmZ/huyKTeFR4NkOOw=
23,26,fkjeuI53TDNObqreYNzsk7Jyzng=,VGFpYJuzt/LPRPNm3gje71BXpdw=
22,26,fkjeuI53TDNObqreYNzsk7Jyzng=,VGFpYJuzt/LPRPNm3gje71BXpdw=
21,25,ojRp75onn6eseIueoG2IgsvwQrg=,DDgKDzFwZjqyVBYAlHlsra6XZKA=
22,25,ojRp75onn6eseIueoG2IgsvwQrg=,KIkx6wRSUMpYNGdIV0KHeLw7JHI=
25,25,ojRp75onn6eseIueoG2IgsvwQrg=,ie9dLdAvHzIyIFToK4NxT/aAxvg=
24,26,ojRp75onn6eseIueoG2IgsvwQrg=,9/btosZ6r3ShppB3pzu04PY5bDQ=
26,25,ojRp75onn6eseIueoG2IgsvwQrg=,ZL3B30yW3NcYve6RuFlON7yR4nA=
26,26,ojRp75onn6eseIueoG2IgsvwQrg=,BqnhdAb/ZJE+ip3V7Dj/IoIuCU8=
27,25,ojRp75onn6eseIueoG2IgsvwQrg=,ZL3B30yW3NcYve6RuFlON7yR4nA=
25,26,ojRp75onn6eseIueoG2IgsvwQrg=,9/btosZ6r3ShppB3pzu04PY5bDQ=
27,26,ojRp75onn6eseIueoG2IgsvwQrg=,BqnhdAb/ZJE+ip3V7Dj/IoIuCU8=
28,26,ojRp75onn6eseIueoG2IgsvwQrg=,pa/xRIb13G2VMoPs7DHGZpqR5xA=
30,26,ojRp75onn6eseIueoG2IgsvwQrg=,CIyxAPfA6IHInnexUJefFTh1apU=
29,26,ojRp75onn6eseIueoG2IgsvwQrg=,pa/xRIb13G2VMoPs7DHGZpqR5xA=
27,23,ojRp75onn6eseIueoG2IgsvwQrg=,/bOYlhN0eBjfZS001slKDlx+lpE=
31,23,ojRp75onn6eseIueoG2IgsvwQrg=,TsPm4U9PyWaHAiKNweNV0KlESoc=
27,24,ojRp75onn6eseIueoG2IgsvwQrg=,ZL3B30yW3NcYve6RuFlON7yR4nA=
30,21,ojRp75onn6eseIueoG2IgsvwQrg=,daOWnPNfHE0UkB/HUcpAFqCiwLo=
31,24,ojRp75onn6eseIueoG2IgsvwQrg=,30ySB3oa8pCcH61HPkPU5k/BaOI=
28,21,ojRp75onn6eseIueoG2IgsvwQrg=,gv890apjDCj8DQH6QNa6pBpOAhM=
27,21,ojRp75onn6eseIueoG2IgsvwQrg=,kQr0G8pytQY7g8a7uUQPN4+idGQ=
30,25,ojRp75onn6eseIueoG2IgsvwQrg=,30ySB3oa8pCcH61HPkPU5k/BaOI=
29,25,ojRp75onn6eseIueoG2IgsvwQrg=,VumLlRfNFqj1WqouDaRrgKJ3uFA=
28,25,ojRp75onn6eseIueoG2IgsvwQrg=,VumLlRfNFqj1WqouDaRrgKJ3uFA=
29,21,ojRp75onn6eseIueoG2IgsvwQrg=,gv890apjDCj8DQH6QNa6pBpOAhM=
27,22,ojRp75onn6eseIueoG2IgsvwQrg=,/bOYlhN0eBjfZS001slKDlx+lpE=
29,22,ojRp75onn6eseIueoG2IgsvwQrg=,29vp3cdYsSa9AFjUf0XMalrSwqc=
28,22,ojRp75onn6eseIueoG2IgsvwQrg=,29vp3cdYsSa9AFjUf0XMalrSwqc=
28,23,ojRp75onn6eseIueoG2IgsvwQrg=,29vp3cdYsSa9AFjUf0XMalrSwqc=
29,23,ojRp75onn6eseIueoG2IgsvwQrg=,29vp3cdYsSa9AFjUf0XMalrSwqc=
30,22,ojRp75onn6eseIueoG2IgsvwQrg=,TsPm4U9PyWaHAiKNweNV0KlESoc=
28,24,ojRp75onn6eseIueoG2IgsvwQrg=,VumLlRfNFqj1WqouDaRrgKJ3uFA=
30,24,ojRp75onn6eseIueoG2IgsvwQrg=,30ySB3oa8pCcH61HPkPU5k/BaOI=
30,23,pmorN2e9CXR3s/Ow/gLfkTBnlQw=,TsPm4U9PyWaHAiKNweNV0KlESoc=
29,24,pmorN2e9CXR3s/Ow/gLfkTBnlQw=,VumLlRfNFqj1WqouDaRrgKJ3uFA=
31,25,pmorN2e9CXR3s/Ow/gLfkTBnlQw=,30ySB3oa8pCcH61HPkPU5k/BaOI=
31,26,pmorN2e9CXR3s/Ow/gLfkTBnlQw=,CIyxAPfA6IHInnexUJefFTh1apU=
29,27,pmorN2e9CXR3s/Ow/gLfkTBnlQw=,pa/xRIb13G2VMoPs7DHGZpqR5xA=
30,28,pmorN2e9CXR3s/Ow/gLfkTBnlQw=,iSNhZs/Rdvxwx8qPc92DHATvB+o=
30,27,pmorN2e9CXR3s/Ow/gLfkTBnlQw=,CIyxAPfA6IHInnexUJefFTh1apU=
29,28,pmorN2e9CXR3s/Ow/gLfkTBnlQw=,DzcgEfvd2+uvS+qwy0wSrlsBGZI=
28,27,pmorN2e9CXR3s/Ow/gLfkTBnlQw=,pa/xRIb13G2VMoPs7DHGZpqR5xA=
27,27,pmorN2e9CXR3s/Ow/gLfkTBnlQw=,BqnhdAb/ZJE+ip3V7Dj/IoIuCU8=
28,28,pmorN2e9CXR3s/Ow/gLfkTBnlQw=,DzcgEfvd2+uvS+qwy0wSrlsBGZI=
27,28,pmorN2e9CXR3s/Ow/gLfkTBnlQw=,Ux29Iv6ty/GY5ORCgCWg3EtXl74=
21,27,pmorN2e9CXR3s/Ow/gLfkTBnlQw=,vfn09aoKh1ymP3Hv/bwWiPGgW24=
26,27,pmorN2e9CXR3s/Ow/gLfkTBnlQw=,BqnhdAb/ZJE+ip3V7Dj/IoIuCU8=
22,27,pmorN2e9CXR3s/Ow/gLfkTBnlQw=,VGFpYJuzt/LPRPNm3gje71BXpdw=
22,28,pmorN2e9CXR3s/Ow/gLfkTBnlQw=,k2Fb1N0DjjTqXQk5C19yAFamWZU=
24,27,pmorN2e9CXR3s/Ow/gLfkTBnlQw=,9/btosZ6r3ShppB3pzu04PY5bDQ=
26,28,pmorN2e9CXR3s/Ow/gLfkTBnlQw=,Ux29Iv6ty/GY5ORCgCWg3EtXl74=
23,27,pmorN2e9CXR3s/Ow/gLfkTBnlQw=,VGFpYJuzt/LPRPNm3gje71BXpdw=
23,28,pmorN2e9CXR3s/Ow/gLfkTBnlQw=,k2Fb1N0DjjTqXQk5C19yAFamWZU=
28,16,pmorN2e9CXR3s/Ow/gLfkTBnlQw=,5PQmxISe2maI5uEyKWMp55S+uuY=
21,28,pmorN2e9CXR3s/Ow/gLfkTBnlQw=,IFpXfNqLaqo67Gn7tYKZx9stKoU=
25,27,pmorN2e9CXR3s/Ow/gLfkTBnlQw=,9/btosZ6r3ShppB3pzu04PY5bDQ=
26,16,pmorN2e9CXR3s/Ow/gLfkTBnlQw=,RjGuujB/NUIOC8NWQxhaW9BBmBc=
25,28,pmorN2e9CXR3s/Ow/gLfkTBnlQw=,0fF+iIN7SiWsCsUBaiwMGFk+WCQ=
24,28,pmorN2e9CXR3s/Ow/gLfkTBnlQw=,0fF+iIN7SiWsCsUBaiwMGFk+WCQ=
27,16,pmorN2e9CXR3s/Ow/gLfkTBnlQw=,RjGuujB/NUIOC8NWQxhaW9BBmBc=
25,16,pmorN2e9CXR3s/Ow/gLfkTBnlQw=,hwqihN2LXw7nXIbXJYE4Q42UtKc=
24,16,pmorN2e9CXR3s/Ow/gLfkTBnlQw=,hwqihN2LXw7nXIbXJYE4Q42UtKc=
22,16,pmorN2e9CXR3s/Ow/gLfkTBnlQw=,rn3s5V8dn3tilt7NFqSaVtmgf+Y=
21,16,pmorN2e9CXR3s/Ow/gLfkTBnlQw=,P0by8ZMcXMQ0W9FcnwnVE82Ucb0=
23,16,pmorN2e9CXR3s/Ow/gLfkTBnlQw=,rn3s5V8dn3tilt7NFqSaVtmgf+Y=
20,20,pmorN2e9CXR3s/Ow/gLfkTBnlQw=,ewbZoC7ZB6W26ZVx2NTmg7TWwGs=
19,20,pmorN2e9CXR3s/Ow/gLfkTBnlQw=,piqBBrWTSx8kuBgPEXBaBP+wChg=
17,20,pmorN2e9CXR3s/Ow/gLfkTBnlQw=,Fr3ZUhC/3xEHAEBjVx0PNzvJu/s=
19,19,pmorN2e9CXR3s/Ow/gLfkTBnlQw=,EGU//R/+FxLQMFzr29u/1WZovxI=
20,16,pmorN2e9CXR3s/Ow/gLfkTBnlQw=,P0by8ZMcXMQ0W9FcnwnVE82Ucb0=
19,16,pmorN2e9CXR3s/Ow/gLfkTBnlQw=,Z8pkq5uzQGb6qkOCnd6h2aHaebg=
20,17,pmorN2e9CXR3s/Ow/gLfkTBnlQw=,P0by8ZMcXMQ0W9FcnwnVE82Ucb0=
18,18,pmorN2e9CXR3s/Ow/gLfkTBnlQw=,EGU//R/+FxLQMFzr29u/1WZovxI=
19,17,pmorN2e9CXR3s/Ow/gLfkTBnlQw=,Z8pkq5uzQGb6qkOCnd6h2aHaebg=
20,19,pmorN2e9CXR3s/Ow/gLfkTBnlQw=,MaFv0BIpiBfxSDdgWIAfnqRonnk=
20,18,pmorN2e9CXR3s/Ow/gLfkTBnlQw=,MaFv0BIpiBfxSDdgWIAfnqRonnk=
18,17,pmorN2e9CXR3s/Ow/gLfkTBnlQw=,Z8pkq5uzQGb6qkOCnd6h2aHaebg=
19,18,pmorN2e9CXR3s/Ow/gLfkTBnlQw=,EGU//R/+FxLQMFzr29u/1WZovxI=
16,25,pmorN2e9CXR3s/Ow/gLfkTBnlQw=,xoAEFDKxK31EAFIXG3gUYfRxFns=
18,20,pmorN2e9CXR3s/Ow/gLfkTBnlQw=,piqBBrWTSx8kuBgPEXBaBP+wChg=
16,24,pmorN2e9CXR3s/Ow/gLfkTBnlQw=,xoAEFDKxK31EAFIXG3gUYfRxFns=
16,22,pmorN2e9CXR3s/Ow/gLfkTBnlQw=,yHVxrfETUhAEK2q6jcX3Eaj0UBM=
18,19,pmorN2e9CXR3s/Ow/gLfkTBnlQw=,EGU//R/+FxLQMFzr29u/1WZovxI=
17,18,pmorN2e9CXR3s/Ow/gLfkTBnlQw=,YaAD0bjHe0UPeHdso72wjWND5pQ=
16,26,pmorN2e9CXR3s/Ow/gLfkTBnlQw=,7f9M7dLCK8QU05oT2keS88IEgno=
18,16,pmorN2e9CXR3s/Ow/gLfkTBnlQw=,Z8pkq5uzQGb6qkOCnd6h2aHaebg=
16,23,pmorN2e9CXR3s/Ow/gLfkTBnlQw=,yHVxrfETUhAEK2q6jcX3Eaj0UBM=
16,21,pmorN2e9CXR3s/Ow/gLfkTBnlQw=,Fr3ZUhC/3xEHAEBjVx0PNzvJu/s=
16,27,pmorN2e9CXR3s/Ow/gLfkTBnlQw=,7f9M7dLCK8QU05oT2keS88IEgno=
16,28,pmorN2e9CXR3s/Ow/gLfkTBnlQw=,gcwGDKQhBrvJ3yB87+VcmCsI5C8=
16,18,pmorN2e9CXR3s/Ow/gLfkTBnlQw=,YaAD0bjHe0UPeHdso72wjWND5pQ=
16,19,pmorN2e9CXR3s/Ow/gLfkTBnlQw=,YaAD0bjHe0UPeHdso72wjWND5pQ=
17,19,pmorN2e9CXR3s/Ow/gLfkTBnlQw=,YaAD0bjHe0UPeHdso72wjWND5pQ=
29,16,pmorN2e9CXR3s/Ow/gLfkTBnlQw=,5PQmxISe2maI5uEyKWMp55S+uuY=
30,16,pmorN2e9CXR3s/Ow/gLfkTBnlQw=,cDjY+JN/mNgcFZ9zLB29JbZwpFw=
31,16,pmorN2e9CXR3s/Ow/gLfkTBnlQw=,cDjY+JN/mNgcFZ9zLB29JbZwpFw=
31,18,pmorN2e9CXR3s/Ow/gLfkTBnlQw=,2WUdh8aW6k2FOht5bggeO8bwsyw=
31,21,pmorN2e9CXR3s/Ow/gLfkTBnlQw=,daOWnPNfHE0UkB/HUcpAFqCiwLo=
31,17,pmorN2e9CXR3s/Ow/gLfkTBnlQw=,cDjY+JN/mNgcFZ9zLB29JbZwpFw=
31,22,pmorN2e9CXR3s/Ow/gLfkTBnlQw=,TsPm4U9PyWaHAiKNweNV0KlESoc=
31,20,pmorN2e9CXR3s/Ow/gLfkTBnlQw=,daOWnPNfHE0UkB/HUcpAFqCiwLo=
31,19,pmorN2e9CXR3s/Ow/gLfkTBnlQw=,2WUdh8aW6k2FOht5bggeO8bwsyw=
31,27,pmorN2e9CXR3s/Ow/gLfkTBnlQw=,CIyxAPfA6IHInnexUJefFTh1apU=
31,28,pmorN2e9CXR3s/Ow/gLfkTBnlQw=,iSNhZs/Rdvxwx8qPc92DHATvB+o=
16,20,pmorN2e9CXR3s/Ow/gLfkTBnlQw=,Fr3ZUhC/3xEHAEBjVx0PNzvJu/s=
16,29,pmorN2e9CXR3s/Ow/gLfkTBnlQw=,gcwGDKQhBrvJ3yB87+VcmCsI5C8=
29,29,pmorN2e9CXR3s/Ow/gLfkTBnlQw=,DzcgEfvd2+uvS+qwy0wSrlsBGZI=
30,29,pmorN2e9CXR3s/Ow/gLfkTBnlQw=,iSNhZs/Rdvxwx8qPc92DHATvB+o=
31,29,pmorN2e9CXR3s/Ow/gLfkTBnlQw=,iSNhZs/Rdvxwx8qPc92DHATvB+o=
27,29,pmorN2e9CXR3s/Ow/gLfkTBnlQw=,Ux29Iv6ty/GY5ORCgCWg3EtXl74=
28,29,pmorN2e9CXR3s/Ow/gLfkTBnlQw=,DzcgEfvd2+uvS+qwy0wSrlsBGZI=
26,29,pmorN2e9CXR3s/Ow/gLfkTBnlQw=,Ux29Iv6ty/GY5ORCgCWg3EtXl74=
25,29,pmorN2e9CXR3s/Ow/gLfkTBnlQw=,0fF+iIN7SiWsCsUBaiwMGFk+WCQ=
19,29,pmorN2e9CXR3s/Ow/gLfkTBnlQw=,UudFiJqi915luVQ/fbjDSavQlnc=
18,29,pmorN2e9CXR3s/Ow/gLfkTBnlQw=,UudFiJqi915luVQ/fbjDSavQlnc=
20,29,pmorN2e9CXR3s/Ow/gLfkTBnlQw=,IFpXfNqLaqo67Gn7tYKZx9stKoU=
24,29,pmorN2e9CXR3s/Ow/gLfkTBnlQw=,0fF+iIN7SiWsCsUBaiwMGFk+WCQ=
23,29,pmorN2e9CXR3s/Ow/gLfkTBnlQw=,k2Fb1N0DjjTqXQk5C19yAFamWZU=
17,29,pmorN2e9CXR3s/Ow/gLfkTBnlQw=,gcwGDKQhBrvJ3yB87+VcmCsI5C8=
21,29,pmorN2e9CXR3s/Ow/gLfkTBnlQw=,IFpXfNqLaqo67Gn7tYKZx9stKoU=
22,29,pmorN2e9CXR3s/Ow/gLfkTBnlQw=,k2Fb1N0DjjTqXQk5C19yAFamWZU=
16,17,pmorN2e9CXR3s/Ow/gLfkTBnlQw=,23F11rPVtvW4v9Z1aV7SrV/puDc=
17,17,pmorN2e9CXR3s/Ow/gLfkTBnlQw=,23F11rPVtvW4v9Z1aV7SrV/puDc=
17,16,pmorN2e9CXR3s/Ow/gLfkTBnlQw=,23F11rPVtvW4v9Z1aV7SrV/puDc=
16,16,pmorN2e9CXR3s/Ow/gLfkTBnlQw=,23F11rPVtvW4v9Z1aV7SrV/puDc=
29,2,rsZRbr6y9tub4HyNxu30n5lGOPs=,sZizyjr09CZVLEDNC7iouLcOdO4=
30,1,rsZRbr6y9tub4HyNxu30n5lGOPs=,l52YTMxIh+8hpWZ5cSddDp4rBB0=
29,1,rsZRbr6y9tub4HyNxu30n5lGOPs=,oWtM6cQeyQtUhRRcR1sSvT4Mejk=
30,2,rsZRbr6y9tub4HyNxu30n5lGOPs=,MKtMsenDGXt0YYhcFPG1ZKWIJJk=
30,3,rsZRbr6y9tub4HyNxu30n5lGOPs=,MKtMsenDGXt0YYhcFPG1ZKWIJJk=
30,4,rsZRbr6y9tub4HyNxu30n5lGOPs=,Ns/a6la95eYsttTZAWaDMfwLYJ0=
29,4,rsZRbr6y9tub4HyNxu30n5lGOPs=,pXtLA/LYPgJAWuv1sfrDhTNR6nE=
29,3,rsZRbr6y9tub4HyNxu30n5lGOPs=,sZizyjr09CZVLEDNC7iouLcOdO4=
30,5,rsZRbr6y9tub4HyNxu30n5lGOPs=,Ns/a6la95eYsttTZAWaDMfwLYJ0=
30,6,rsZRbr6y9tub4HyNxu30n5lGOPs=,5bFC9XMdWy2CcT27jY/B1kbWMh4=
29,5,rsZRbr6y9tub4HyNxu30n5lGOPs=,pXtLA/LYPgJAWuv1sfrDhTNR6nE=
28,6,rsZRbr6y9tub4HyNxu30n5lGOPs=,UwFDnrDYwzLm/UCQp27zhbT6Guc=
29,6,rsZRbr6y9tub4HyNxu30n5lGOPs=,UwFDnrDYwzLm/UCQp27zhbT6Guc=
28,5,rsZRbr6y9tub4HyNxu30n5lGOPs=,pXtLA/LYPgJAWuv1sfrDhTNR6nE=
27,5,rsZRbr6y9tub4HyNxu30n5lGOPs=,70u5zt1q/+QOKZ0RqFnX5kKhKwg=
27,6,rsZRbr6y9tub4HyNxu30n5lGOPs=,T0ku6Dac6Jc74JKKiXZvrIfcMak=
30,7,liuLpgt0tJoBEOfuF3pmoJ4CLrc=,5bFC9XMdWy2CcT27jY/B1kbWMh4=
29,7,liuLpgt0tJoBEOfuF3pmoJ4CLrc=,UwFDnrDYwzLm/UCQp27zhbT6Guc=
28,7,liuLpgt0tJoBEOfuF3pmoJ4CLrc=,UwFDnrDYwzLm/UCQp27zhbT6Guc=
30,8,liuLpgt0tJoBEOfuF3pmoJ4CLrc=,4EovKc9Ts9E6xSiz2Z3dEhrBNRg=
29,8,liuLpgt0tJoBEOfuF3pmoJ4CLrc=,HYsvO9A4D/cwXajwLR9Lhc8YO2Q=
28,8,liuLpgt0tJoBEOfuF3pmoJ4CLrc=,HYsvO9A4D/cwXajwLR9Lhc8YO2Q=
27,7,liuLpgt0tJoBEOfuF3pmoJ4CLrc=,T0ku6Dac6Jc74JKKiXZvrIfcMak=
27,8,liuLpgt0tJoBEOfuF3pmoJ4CLrc=,0oEoRNWuWUzvmAgJOcXn96iMWCU=
24,10,J3GOM98TSErpD5jCui3sG4rTHV8=,1oIwFD6Y8HaP7vl6zxpG/6POIF0=
24,9,UN2y5Ubm9V34vLeyDRMU+YySXnU=,c3okbCvWNaBgzBY7EWTv0seLXiI=
23,10,UN2y5Ubm9V34vLeyDRMU+YySXnU=,0k0MSZ+BPl8kWudVIsmCotpoDw4=
23,9,UN2y5Ubm9V34vLeyDRMU+YySXnU=,nQA64LsjRcTEJqwJp6jX4GvdZvI=
23,12,UN2y5Ubm9V34vLeyDRMU+YySXnU=,PnwYGw02GfZqtAadU7dr6uOpwQ4=
23,11,UN2y5Ubm9V34vLeyDRMU+YySXnU=,0k0MSZ+BPl8kWudVIsmCotpoDw4=
23,13,UN2y5Ubm9V34vLeyDRMU+YySXnU=,PnwYGw02GfZqtAadU7dr6uOpwQ4=
24,12,UN2y5Ubm9V34vLeyDRMU+YySXnU=,4aINDWEYqLlxdSix2F+2LZWxuoY=
23,14,UN2y5Ubm9V34vLeyDRMU+YySXnU=,Vg8IxG0f7thvWijYi1Emk9tbv1Q=
24,14,UN2y5Ubm9V34vLeyDRMU+YySXnU=,sk4EnCRWxUzHRzOBWIa8lcspo1Q=
24,11,UN2y5Ubm9V34vLeyDRMU+YySXnU=,1oIwFD6Y8HaP7vl6zxpG/6POIF0=
22,14,UN2y5Ubm9V34vLeyDRMU+YySXnU=,Vg8IxG0f7thvWijYi1Emk9tbv1Q=
21,14,UN2y5Ubm9V34vLeyDRMU+YySXnU=,WV+5j3dbjG6jcJVSZaKictxIcEY=
24,13,UN2y5Ubm9V34vLeyDRMU+YySXnU=,4aINDWEYqLlxdSix2F+2LZWxuoY=
21,13,zJitenRakETVhdzUHZQW1yZrtr4=,YAuo2kEuBnrFw/fzuTVQBp3fKZc=
22,13,zJitenRakETVhdzUHZQW1yZrtr4=,PnwYGw02GfZqtAadU7dr6uOpwQ4=
20,13,zJitenRakETVhdzUHZQW1yZrtr4=,YAuo2kEuBnrFw/fzuTVQBp3fKZc=
19,13,zJitenRakETVhdzUHZQW1yZrtr4=,XAuyPfo1ObxtJThnqrSspQ+/lrg=
20,14,zJitenRakETVhdzUHZQW1yZrtr4=,WV+5j3dbjG6jcJVSZaKictxIcEY=
18,12,zJitenRakETVhdzUHZQW1yZrtr4=,XAuyPfo1ObxtJThnqrSspQ+/lrg=
19,14,zJitenRakETVhdzUHZQW1yZrtr4=,CaFkK5TMAyzGaK1pdINYx0mtTKg=
17,11,zJitenRakETVhdzUHZQW1yZrtr4=,wAKpwE66samXdGEc4LuhZfY+Fls=
17,12,zJitenRakETVhdzUHZQW1yZrtr4=,/LUTVsNw4siTkPKve5cRh4XZgSc=
18,11,zJitenRakETVhdzUHZQW1yZrtr4=,tpGGDSnwjw/KDUA831Kuk0TRdeY=
22,12,xIyJvnbyK4HvVT8kujSvtElQIdI=,PnwYGw02GfZqtAadU7dr6uOpwQ4=
19,7,xIyJvnbyK4HvVT8kujSvtElQIdI=,RFLy3myB36UyMr/DZ2NzBDf9LI8=
20,7,xIyJvnbyK4HvVT8kujSvtElQIdI=,BUn+v+UtA1YuZS1zScNgKbEKf80=
22,9,xIyJvnbyK4HvVT8kujSvtElQIdI=,nQA64LsjRcTEJqwJp6jX4GvdZvI=
19,8,xIyJvnbyK4HvVT8kujSvtElQIdI=,zaDk4u7XqtHyuKXgh/3W2j+Ktco=
18,10,B5Z1/68cYk/R6MigcJsC3wZk/+A=,tpGGDSnwjw/KDUA831Kuk0TRdeY=
20,8,B5Z1/68cYk/R6MigcJsC3wZk/+A=,WzIevUzEc5pEP6F/ZthHcIeBKmE=
17,10,B5Z1/68cYk/R6MigcJsC3wZk/+A=,wAKpwE66samXdGEc4LuhZfY+Fls=
21,12,B5Z1/68cYk/R6MigcJsC3wZk/+A=,YAuo2kEuBnrFw/fzuTVQBp3fKZc=
19,11,B5Z1/68cYk/R6MigcJsC3wZk/+A=,tpGGDSnwjw/KDUA831Kuk0TRdeY=
22,10,B5Z1/68cYk/R6MigcJsC3wZk/+A=,0k0MSZ+BPl8kWudVIsmCotpoDw4=
19,9,B5Z1/68cYk/R6MigcJsC3wZk/+A=,zaDk4u7XqtHyuKXgh/3W2j+Ktco=
18,9,B5Z1/68cYk/R6MigcJsC3wZk/+A=,zaDk4u7XqtHyuKXgh/3W2j+Ktco=
20,11,B5Z1/68cYk/R6MigcJsC3wZk/+A=,NBw4m/YFbbDvGqs6/2q0b2GMpnE=
22,11,B5Z1/68cYk/R6MigcJsC3wZk/+A=,0k0MSZ+BPl8kWudVIsmCotpoDw4=
20,9,B5Z1/68cYk/R6MigcJsC3wZk/+A=,WzIevUzEc5pEP6F/ZthHcIeBKmE=
20,10,B5Z1/68cYk/R6MigcJsC3wZk/+A=,NBw4m/YFbbDvGqs6/2q0b2GMpnE=
20,12,B5Z1/68cYk/R6MigcJsC3wZk/+A=,YAuo2kEuBnrFw/fzuTVQBp3fKZc=
21,11,B5Z1/68cYk/R6MigcJsC3wZk/+A=,NBw4m/YFbbDvGqs6/2q0b2GMpnE=
19,12,B5Z1/68cYk/R6MigcJsC3wZk/+A=,XAuyPfo1ObxtJThnqrSspQ+/lrg=
21,8,B5Z1/68cYk/R6MigcJsC3wZk/+A=,WzIevUzEc5pEP6F/ZthHcIeBKmE=
21,10,B5Z1/68cYk/R6MigcJsC3wZk/+A=,NBw4m/YFbbDvGqs6/2q0b2GMpnE=
19,10,B5Z1/68cYk/R6MigcJsC3wZk/+A=,tpGGDSnwjw/KDUA831Kuk0TRdeY=
21,9,B5Z1/68cYk/R6MigcJsC3wZk/+A=,WzIevUzEc5pEP6F/ZthHcIeBKmE=
21,7,B5Z1/68cYk/R6MigcJsC3wZk/+A=,BUn+v+UtA1YuZS1zScNgKbEKf80=
22,7,B5Z1/68cYk/R6MigcJsC3wZk/+A=,/b1GLqal4rxnxgyTSGE9QH914Uc=
22,8,B5Z1/68cYk/R6MigcJsC3wZk/+A=,nQA64LsjRcTEJqwJp6jX4GvdZvI=
17,9,B5Z1/68cYk/R6MigcJsC3wZk/+A=,/u/X90bxI6jzCeJQefnV0T1B+/U=
24,8,B5Z1/68cYk/R6MigcJsC3wZk/+A=,c3okbCvWNaBgzBY7EWTv0seLXiI=
23,5,hWmjItCAb+cy70eTRtF/+fM3PPc=,DuxYOpk6LZXXn8vfArXiisd9i10=
24,6,hWmjItCAb+cy70eTRtF/+fM3PPc=,SvTPCxuZwCq0Ep3VEjUz87biUVU=
26,7,hWmjItCAb+cy70eTRtF/+fM3PPc=,T0ku6Dac6Jc74JKKiXZvrIfcMak=
25,8,hWmjItCAb+cy70eTRtF/+fM3PPc=,c3okbCvWNaBgzBY7EWTv0seLXiI=
26,6,hWmjItCAb+cy70eTRtF/+fM3PPc=,T0ku6Dac6Jc74JKKiXZvrIfcMak=
26,5,hWmjItCAb+cy70eTRtF/+fM3PPc=,70u5zt1q/+QOKZ0RqFnX5kKhKwg=
23,8,hWmjItCAb+cy70eTRtF/+fM3PPc=,nQA64LsjRcTEJqwJp6jX4GvdZvI=
25,7,hWmjItCAb+cy70eTRtF/+fM3PPc=,SvTPCxuZwCq0Ep3VEjUz87biUVU=
23,6,hWmjItCAb+cy70eTRtF/+fM3PPc=,/b1GLqal4rxnxgyTSGE9QH914Uc=
23,7,hWmjItCAb+cy70eTRtF/+fM3PPc=,/b1GLqal4rxnxgyTSGE9QH914Uc=
24,5,hWmjItCAb+cy70eTRtF/+fM3PPc=,ARApAuZwdahgum7G3kiWf9D/Nyo=
25,6,hWmjItCAb+cy70eTRtF/+fM3PPc=,SvTPCxuZwCq0Ep3VEjUz87biUVU=
24,7,hWmjItCAb+cy70eTRtF/+fM3PPc=,SvTPCxuZwCq0Ep3VEjUz87biUVU=
25,5,hWmjItCAb+cy70eTRtF/+fM3PPc=,ARApAuZwdahgum7G3kiWf9D/Nyo=
26,8,hWmjItCAb+cy70eTRtF/+fM3PPc=,0oEoRNWuWUzvmAgJOcXn96iMWCU=
24,3,hWmjItCAb+cy70eTRtF/+fM3PPc=,2/oIUpwg26DQw6U3Ee19z13nurM=
24,2,hWmjItCAb+cy70eTRtF/+fM3PPc=,2/oIUpwg26DQw6U3Ee19z13nurM=
24,4,hWmjItCAb+cy70eTRtF/+fM3PPc=,ARApAuZwdahgum7G3kiWf9D/Nyo=
24,1,hWmjItCAb+cy70eTRtF/+fM3PPc=,8X0WQxC3suchOEZawLwsUSWvQkI=
23,2,hWmjItCAb+cy70eTRtF/+fM3PPc=,Fwtw3i0FE9QB8XXWcD+JLuyjUF8=
23,1,hWmjItCAb+cy70eTRtF/+fM3PPc=,viC3orAV9dBqhj0Joj0ldMCbVWY=
23,3,hWmjItCAb+cy70eTRtF/+fM3PPc=,Fwtw3i0FE9QB8XXWcD+JLuyjUF8=
23,4,hWmjItCAb+cy70eTRtF/+fM3PPc=,DuxYOpk6LZXXn8vfArXiisd9i10=
22,1,hWmjItCAb+cy70eTRtF/+fM3PPc=,viC3orAV9dBqhj0Joj0ldMCbVWY=
22,2,hWmjItCAb+cy70eTRtF/+fM3PPc=,Fwtw3i0FE9QB8XXWcD+JLuyjUF8=
20,2,hWmjItCAb+cy70eTRtF/+fM3PPc=,J71JnE3JG6QaU1ljTR30/LqD+W0=
21,2,hWmjItCAb+cy70eTRtF/+fM3PPc=,J71JnE3JG6QaU1ljTR30/LqD+W0=
20,1,hWmjItCAb+cy70eTRtF/+fM3PPc=,kAg+nKRqdINd683KTfiD8fa6GyU=
21,1,hWmjItCAb+cy70eTRtF/+fM3PPc=,kAg+nKRqdINd683KTfiD8fa6GyU=
19,2,hWmjItCAb+cy70eTRtF/+fM3PPc=,9TFIez4DO6qyS38Z40C0mHC6AfE=
19,1,hWmjItCAb+cy70eTRtF/+fM3PPc=,FwxUjZiwAc/SdPnjF65TgwM7QVE=
17,3,hWmjItCAb+cy70eTRtF/+fM3PPc=,wR8ObCco1L6X+oS4nqDgYSfwdqo=
17,4,xAl1VyAu6fhgsMfVrxrHd3Vn+TQ=,HzDg8VvMcBrTtGLMp8KUyqfvq0s=
18,3,xAl1VyAu6fhgsMfVrxrHd3Vn+TQ=,9TFIez4DO6qyS38Z40C0mHC6AfE=
18,4,xAl1VyAu6fhgsMfVrxrHd3Vn+TQ=,jIzDQYo8PPO2pfb/zcF6EW3pMgs=
18,7,xAl1VyAu6fhgsMfVrxrHd3Vn+TQ=,RFLy3myB36UyMr/DZ2NzBDf9LI8=
22,3,xAl1VyAu6fhgsMfVrxrHd3Vn+TQ=,Fwtw3i0FE9QB8XXWcD+JLuyjUF8=
17,5,xAl1VyAu6fhgsMfVrxrHd3Vn+TQ=,HzDg8VvMcBrTtGLMp8KUyqfvq0s=
18,2,xAl1VyAu6fhgsMfVrxrHd3Vn+TQ=,9TFIez4DO6qyS38Z40C0mHC6AfE=
18,6,xAl1VyAu6fhgsMfVrxrHd3Vn+TQ=,RFLy3myB36UyMr/DZ2NzBDf9LI8=
18,5,xAl1VyAu6fhgsMfVrxrHd3Vn+TQ=,jIzDQYo8PPO2pfb/zcF6EW3pMgs=
18,1,xAl1VyAu6fhgsMfVrxrHd3Vn+TQ=,FwxUjZiwAc/SdPnjF65TgwM7QVE=
22,5,40bhDUmoO2Uf9HbRSDB8img84fo=,DuxYOpk6LZXXn8vfArXiisd9i10=
17,2,40bhDUmoO2Uf9HbRSDB8img84fo=,wR8ObCco1L6X+oS4nqDgYSfwdqo=
17,8,40bhDUmoO2Uf9HbRSDB8img84fo=,/u/X90bxI6jzCeJQefnV0T1B+/U=
17,6,40bhDUmoO2Uf9HbRSDB8img84fo=,JLQRCIs7TjbPGs59sj/Dti5e0LY=
22,4,40bhDUmoO2Uf9HbRSDB8img84fo=,DuxYOpk6LZXXn8vfArXiisd9i10=
18,8,HlFLApd9pfc2l0JqoB4g817LSM0=,zaDk4u7XqtHyuKXgh/3W2j+Ktco=
17,1,HlFLApd9pfc2l0JqoB4g817LSM0=,HMsl2giD7/D6RuY+lagDxlKlHw8=
16,3,1mLvFs+5aEeuJb2vacyuGWMKRV8=,wR8ObCco1L6X+oS4nqDgYSfwdqo=
17,7,1mLvFs+5aEeuJb2vacyuGWMKRV8=,JLQRCIs7TjbPGs59sj/Dti5e0LY=
19,6,1mLvFs+5aEeuJb2vacyuGWMKRV8=,RFLy3myB36UyMr/DZ2NzBDf9LI8=
19,5,1mLvFs+5aEeuJb2vacyuGWMKRV8=,jIzDQYo8PPO2pfb/zcF6EW3pMgs=
16,4,1mLvFs+5aEeuJb2vacyuGWMKRV8=,HzDg8VvMcBrTtGLMp8KUyqfvq0s=
21,5,jeHQSYcwVAJbcA/5ZVM7sVqxYNY=,qxvUSB+3CrmR2cGsnl/kdhcinpk=
20,6,jeHQSYcwVAJbcA/5ZVM7sVqxYNY=,BUn+v+UtA1YuZS1zScNgKbEKf80=
21,3,jeHQSYcwVAJbcA/5ZVM7sVqxYNY=,J71JnE3JG6QaU1ljTR30/LqD+W0=
21,6,jeHQSYcwVAJbcA/5ZVM7sVqxYNY=,BUn+v+UtA1YuZS1zScNgKbEKf80=
16,5,jeHQSYcwVAJbcA/5ZVM7sVqxYNY=,HzDg8VvMcBrTtGLMp8KUyqfvq0s=
22,6,jeHQSYcwVAJbcA/5ZVM7sVqxYNY=,/b1GLqal4rxnxgyTSGE9QH914Uc=
20,4,jeHQSYcwVAJbcA/5ZVM7sVqxYNY=,qxvUSB+3CrmR2cGsnl/kdhcinpk=
19,4,jeHQSYcwVAJbcA/5ZVM7sVqxYNY=,jIzDQYo8PPO2pfb/zcF6EW3pMgs=
19,3,jeHQSYcwVAJbcA/5ZVM7sVqxYNY=,9TFIez4DO6qyS38Z40C0mHC6AfE=
16,6,jeHQSYcwVAJbcA/5ZVM7sVqxYNY=,JLQRCIs7TjbPGs59sj/Dti5e0LY=
20,3,g+lOvp/YKmFtP80il4eWgBFjvJk=,J71JnE3JG6QaU1ljTR30/LqD+W0=
21,4,g+lOvp/YKmFtP80il4eWgBFjvJk=,qxvUSB+3CrmR2cGsnl/kdhcinpk=
20,5,g+lOvp/YKmFtP80il4eWgBFjvJk=,qxvUSB+3CrmR2cGsnl/kdhcinpk=
16,9,g+lOvp/YKmFtP80il4eWgBFjvJk=,/u/X90bxI6jzCeJQefnV0T1B+/U=
16,7,g+lOvp/YKmFtP80il4eWgBFjvJk=,JLQRCIs7TjbPGs59sj/Dti5e0LY=
16,8,g+lOvp/YKmFtP80il4eWgBFjvJk=,/u/X90bxI6jzCeJQefnV0T1B+/U=
16,10,g+lOvp/YKmFtP80il4eWgBFjvJk=,wAKpwE66samXdGEc4LuhZfY+Fls=
22,15,g+lOvp/YKmFtP80il4eWgBFjvJk=,Vg8IxG0f7thvWijYi1Emk9tbv1Q=
16,11,g+lOvp/YKmFtP80il4eWgBFjvJk=,wAKpwE66samXdGEc4LuhZfY+Fls=
16,12,g+lOvp/YKmFtP80il4eWgBFjvJk=,/LUTVsNw4siTkPKve5cRh4XZgSc=
21,15,g+lOvp/YKmFtP80il4eWgBFjvJk=,WV+5j3dbjG6jcJVSZaKictxIcEY=
17,14,2rOIS9dS2oxntVL2+d0T6hz67cg=,eZpw1ZBUCnWn6yzUQTsRC/sO894=
23,15,2rOIS9dS2oxntVL2+d0T6hz67cg=,Vg8IxG0f7thvWijYi1Emk9tbv1Q=
20,15,2rOIS9dS2oxntVL2+d0T6hz67cg=,WV+5j3dbjG6jcJVSZaKictxIcEY=
24,15,2rOIS9dS2oxntVL2+d0T6hz67cg=,sk4EnCRWxUzHRzOBWIa8lcspo1Q=
18,13,2rOIS9dS2oxntVL2+d0T6hz67cg=,XAuyPfo1ObxtJThnqrSspQ+/lrg=
16,13,2rOIS9dS2oxntVL2+d0T6hz67cg=,/LUTVsNw4siTkPKve5cRh4XZgSc=
16,14,2rOIS9dS2oxntVL2+d0T6hz67cg=,eZpw1ZBUCnWn6yzUQTsRC/sO894=
25,14,2rOIS9dS2oxntVL2+d0T6hz67cg=,sk4EnCRWxUzHRzOBWIa8lcspo1Q=
17,15,2rOIS9dS2oxntVL2+d0T6hz67cg=,eZpw1ZBUCnWn6yzUQTsRC/sO894=
19,15,2rOIS9dS2oxntVL2+d0T6hz67cg=,CaFkK5TMAyzGaK1pdINYx0mtTKg=
17,13,2rOIS9dS2oxntVL2+d0T6hz67cg=,/LUTVsNw4siTkPKve5cRh4XZgSc=
18,15,2rOIS9dS2oxntVL2+d0T6hz67cg=,CaFkK5TMAyzGaK1pdINYx0mtTKg=
26,13,2rOIS9dS2oxntVL2+d0T6hz67cg=,BJNE2yHsfsPlWRI/z+oG3qAu8cY=
25,13,2rOIS9dS2oxntVL2+d0T6hz67cg=,4aINDWEYqLlxdSix2F+2LZWxuoY=
26,14,2rOIS9dS2oxntVL2+d0T6hz67cg=,eyU/f99kJXwhDk4aJp7n1Cz8KiE=
27,13,2rOIS9dS2oxntVL2+d0T6hz67cg=,BJNE2yHsfsPlWRI/z+oG3qAu8cY=
28,13,2rOIS9dS2oxntVL2+d0T6hz67cg=,0utuTU/zgy0pDYbMI0r7CofG+20=
28,14,2rOIS9dS2oxntVL2+d0T6hz67cg=,e/wkb9pq/Vg2QE/jnFjWDKtyOEg=
27,14,2rOIS9dS2oxntVL2+d0T6hz67cg=,eyU/f99kJXwhDk4aJp7n1Cz8KiE=
18,14,2rOIS9dS2oxntVL2+d0T6hz67cg=,CaFkK5TMAyzGaK1pdINYx0mtTKg=
29,13,2rOIS9dS2oxntVL2+d0T6hz67cg=,0utuTU/zgy0pDYbMI0r7CofG+20=
30,14,2rOIS9dS2oxntVL2+d0T6hz67cg=,+rmOb2wOEKFPXka5lxHj91FNOtY=
29,14,2rOIS9dS2oxntVL2+d0T6hz67cg=,e/wkb9pq/Vg2QE/jnFjWDKtyOEg=
30,11,2rOIS9dS2oxntVL2+d0T6hz67cg=,8hsz5dNXU84G3320btI87L/mLlo=
30,13,2rOIS9dS2oxntVL2+d0T6hz67cg=,HsvLgXdy2MFC0qJ5g6IQR0xJI2o=
29,10,2rOIS9dS2oxntVL2+d0T6hz67cg=,9dXEXbGMo6By/PdKYcv/QybgOxY=
30,10,2rOIS9dS2oxntVL2+d0T6hz67cg=,8hsz5dNXU84G3320btI87L/mLlo=
29,11,2rOIS9dS2oxntVL2+d0T6hz67cg=,9dXEXbGMo6By/PdKYcv/QybgOxY=
29,12,2rOIS9dS2oxntVL2+d0T6hz67cg=,0utuTU/zgy0pDYbMI0r7CofG+20=
30,9,2rOIS9dS2oxntVL2+d0T6hz67cg=,4EovKc9Ts9E6xSiz2Z3dEhrBNRg=
30,12,2rOIS9dS2oxntVL2+d0T6hz67cg=,HsvLgXdy2MFC0qJ5g6IQR0xJI2o=
29,9,2rOIS9dS2oxntVL2+d0T6hz67cg=,HYsvO9A4D/cwXajwLR9Lhc8YO2Q=
28,9,2rOIS9dS2oxntVL2+d0T6hz67cg=,HYsvO9A4D/cwXajwLR9Lhc8YO2Q=
28,12,2rOIS9dS2oxntVL2+d0T6hz67cg=,0utuTU/zgy0pDYbMI0r7CofG+20=
27,12,2rOIS9dS2oxntVL2+d0T6hz67cg=,BJNE2yHsfsPlWRI/z+oG3qAu8cY=
28,10,2rOIS9dS2oxntVL2+d0T6hz67cg=,9dXEXbGMo6By/PdKYcv/QybgOxY=
26,11,2rOIS9dS2oxntVL2+d0T6hz67cg=,/njT1MIIdNFTd46BHhRNKatSrO8=
27,11,2rOIS9dS2oxntVL2+d0T6hz67cg=,/njT1MIIdNFTd46BHhRNKatSrO8=
28,11,2rOIS9dS2oxntVL2+d0T6hz67cg=,9dXEXbGMo6By/PdKYcv/QybgOxY=
25,9,2rOIS9dS2oxntVL2+d0T6hz67cg=,c3okbCvWNaBgzBY7EWTv0seLXiI=
26,9,2rOIS9dS2oxntVL2+d0T6hz67cg=,0oEoRNWuWUzvmAgJOcXn96iMWCU=
31,11,2rOIS9dS2oxntVL2+d0T6hz67cg=,8hsz5dNXU84G3320btI87L/mLlo=
31,14,2rOIS9dS2oxntVL2+d0T6hz67cg=,+rmOb2wOEKFPXka5lxHj91FNOtY=
31,13,2rOIS9dS2oxntVL2+d0T6hz67cg=,HsvLgXdy2MFC0qJ5g6IQR0xJI2o=
26,12,2rOIS9dS2oxntVL2+d0T6hz67cg=,BJNE2yHsfsPlWRI/z+oG3qAu8cY=
31,10,2rOIS9dS2oxntVL2+d0T6hz67cg=,8hsz5dNXU84G3320btI87L/mLlo=
31,12,2rOIS9dS2oxntVL2+d0T6hz67cg=,HsvLgXdy2MFC0qJ5g6IQR0xJI2o=
26,10,2rOIS9dS2oxntVL2+d0T6hz67cg=,/njT1MIIdNFTd46BHhRNKatSrO8=
31,9,2rOIS9dS2oxntVL2+d0T6hz67cg=,4EovKc9Ts9E6xSiz2Z3dEhrBNRg=
27,9,2rOIS9dS2oxntVL2+d0T6hz67cg=,0oEoRNWuWUzvmAgJOcXn96iMWCU=
25,12,2rOIS9dS2oxntVL2+d0T6hz67cg=,4aINDWEYqLlxdSix2F+2LZWxuoY=
31,1,2rOIS9dS2oxntVL2+d0T6hz67cg=,l52YTMxIh+8hpWZ5cSddDp4rBB0=
27,10,2rOIS9dS2oxntVL2+d0T6hz67cg=,/njT1MIIdNFTd46BHhRNKatSrO8=
31,7,2rOIS9dS2oxntVL2+d0T6hz67cg=,5bFC9XMdWy2CcT27jY/B1kbWMh4=
31,2,2rOIS9dS2oxntVL2+d0T6hz67cg=,MKtMsenDGXt0YYhcFPG1ZKWIJJk=
31,8,2rOIS9dS2oxntVL2+d0T6hz67cg=,4EovKc9Ts9E6xSiz2Z3dEhrBNRg=
31,3,2rOIS9dS2oxntVL2+d0T6hz67cg=,MKtMsenDGXt0YYhcFPG1ZKWIJJk=
31,5,2rOIS9dS2oxntVL2+d0T6hz67cg=,Ns/a6la95eYsttTZAWaDMfwLYJ0=
31,4,2rOIS9dS2oxntVL2+d0T6hz67cg=,Ns/a6la95eYsttTZAWaDMfwLYJ0=
25,15,2rOIS9dS2oxntVL2+d0T6hz67cg=,sk4EnCRWxUzHRzOBWIa8lcspo1Q=
26,15,2rOIS9dS2oxntVL2+d0T6hz67cg=,eyU/f99kJXwhDk4aJp7n1Cz8KiE=
31,6,2rOIS9dS2oxntVL2+d0T6hz67cg=,5bFC9XMdWy2CcT27jY/B1kbWMh4=
27,15,2rOIS9dS2oxntVL2+d0T6hz67cg=,eyU/f99kJXwhDk4aJp7n1Cz8KiE=
25,11,2rOIS9dS2oxntVL2+d0T6hz67cg=,1oIwFD6Y8HaP7vl6zxpG/6POIF0=
28,15,2rOIS9dS2oxntVL2+d0T6hz67cg=,e/wkb9pq/Vg2QE/jnFjWDKtyOEg=
25,10,2rOIS9dS2oxntVL2+d0T6hz67cg=,1oIwFD6Y8HaP7vl6zxpG/6POIF0=
30,15,2rOIS9dS2oxntVL2+d0T6hz67cg=,+rmOb2wOEKFPXka5lxHj91FNOtY=
29,15,2rOIS9dS2oxntVL2+d0T6hz67cg=,e/wkb9pq/Vg2QE/jnFjWDKtyOEg=
31,15,2rOIS9dS2oxntVL2+d0T6hz67cg=,+rmOb2wOEKFPXka5lxHj91FNOtY=
22,0,2rOIS9dS2oxntVL2+d0T6hz67cg=,viC3orAV9dBqhj0Joj0ldMCbVWY=
24,0,2rOIS9dS2oxntVL2+d0T6hz67cg=,8X0WQxC3suchOEZawLwsUSWvQkI=
21,0,2rOIS9dS2oxntVL2+d0T6hz67cg=,kAg+nKRqdINd683KTfiD8fa6GyU=
23,0,2rOIS9dS2oxntVL2+d0T6hz67cg=,viC3orAV9dBqhj0Joj0ldMCbVWY=
28,2,2rOIS9dS2oxntVL2+d0T6hz67cg=,sZizyjr09CZVLEDNC7iouLcOdO4=
20,0,2rOIS9dS2oxntVL2+d0T6hz67cg=,kAg+nKRqdINd683KTfiD8fa6GyU=
28,1,2rOIS9dS2oxntVL2+d0T6hz67cg=,oWtM6cQeyQtUhRRcR1sSvT4Mejk=
28,3,2rOIS9dS2oxntVL2+d0T6hz67cg=,sZizyjr09CZVLEDNC7iouLcOdO4=
19,0,2rOIS9dS2oxntVL2+d0T6hz67cg=,FwxUjZiwAc/SdPnjF65TgwM7QVE=
27,4,2rOIS9dS2oxntVL2+d0T6hz67cg=,70u5zt1q/+QOKZ0RqFnX5kKhKwg=
25,1,2rOIS9dS2oxntVL2+d0T6hz67cg=,8X0WQxC3suchOEZawLwsUSWvQkI=
25,4,2rOIS9dS2oxntVL2+d0T6hz67cg=,ARApAuZwdahgum7G3kiWf9D/Nyo=
25,0,2rOIS9dS2oxntVL2+d0T6hz67cg=,8X0WQxC3suchOEZawLwsUSWvQkI=
31,0,2rOIS9dS2oxntVL2+d0T6hz67cg=,l52YTMxIh+8hpWZ5cSddDp4rBB0=
28,4,2rOIS9dS2oxntVL2+d0T6hz67cg=,pXtLA/LYPgJAWuv1sfrDhTNR6nE=
26,4,2rOIS9dS2oxntVL2+d0T6hz67cg=,70u5zt1q/+QOKZ0RqFnX5kKhKwg=
25,2,2rOIS9dS2oxntVL2+d0T6hz67cg=,2/oIUpwg26DQw6U3Ee19z13nurM=
28,0,2rOIS9dS2oxntVL2+d0T6hz67cg=,oWtM6cQeyQtUhRRcR1sSvT4Mejk=
29,0,2rOIS9dS2oxntVL2+d0T6hz67cg=,oWtM6cQeyQtUhRRcR1sSvT4Mejk=
26,3,2rOIS9dS2oxntVL2+d0T6hz67cg=,x1YBa1FnPUzaBaDc2vMMzcE/7a0=
16,2,2rOIS9dS2oxntVL2+d0T6hz67cg=,wR8ObCco1L6X+oS4nqDgYSfwdqo=
27,2,2rOIS9dS2oxntVL2+d0T6hz67cg=,x1YBa1FnPUzaBaDc2vMMzcE/7a0=
30,0,2rOIS9dS2oxntVL2+d0T6hz67cg=,l52YTMxIh+8hpWZ5cSddDp4rBB0=
18,0,2rOIS9dS2oxntVL2+d0T6hz67cg=,FwxUjZiwAc/SdPnjF65TgwM7QVE=
16,1,2rOIS9dS2oxntVL2+d0T6hz67cg=,HMsl2giD7/D6RuY+lagDxlKlHw8=
17,0,2rOIS9dS2oxntVL2+d0T6hz67cg=,HMsl2giD7/D6RuY+lagDxlKlHw8=
26,2,2rOIS9dS2oxntVL2+d0T6hz67cg=,x1YBa1FnPUzaBaDc2vMMzcE/7a0=
16,0,2rOIS9dS2oxntVL2+d0T6hz67cg=,HMsl2giD7/D6RuY+lagDxlKlHw8=
25,3,2rOIS9dS2oxntVL2+d0T6hz67cg=,2/oIUpwg26DQw6U3Ee19z13nurM=
26,0,2rOIS9dS2oxntVL2+d0T6hz67cg=,7li+5tZ6VOSj71FnX2WARuwHcVI=
16,15,2rOIS9dS2oxntVL2+d0T6hz67cg=,eZpw1ZBUCnWn6yzUQTsRC/sO894=
27,1,2rOIS9dS2oxntVL2+d0T6hz67cg=,7li+5tZ6VOSj71FnX2WARuwHcVI=
27,3,2rOIS9dS2oxntVL2+d0T6hz67cg=,x1YBa1FnPUzaBaDc2vMMzcE/7a0=
26,1,2rOIS9dS2oxntVL2+d0T6hz67cg=,7li+5tZ6VOSj71FnX2WARuwHcVI=
27,0,2rOIS9dS2oxntVL2+d0T6hz67cg=,7li+5tZ6VOSj71FnX2WARuwHcVI=
