0,0,CO8RLcNitHoKcX5boj9cuDa1YpE=,uKBekIuBsssecS3NXAPpYN7LPjQ=
0,1,9D9JA6JCaLlMiY1/xQtIBIezTeI=,aj02DQipsGGt3YB5nfTfuMARYHE=
0,2,9D9JA6JCaLlMiY1/xQtIBIezTeI=,Xl/M85t6ODQHBMX2zTV4Z632KPQ=
0,3,9D9JA6JCaLlMiY1/xQtIBIezTeI=,Xl/M85t6ODQHBMX2zTV4Z632KPQ=
0,4,9D9JA6JCaLlMiY1/xQtIBIezTeI=,e1Y5w12vlMp1UGRXTyT1e64qnZo=
0,5,9D9JA6JCaLlMiY1/xQtIBIezTeI=,e1Y5w12vlMp1UGRXTyT1e64qnZo=
0,6,9D9JA6JCaLlMiY1/xQtIBIezTeI=,i1E5ylBJGu4yAUTJRif2lcbOJYY=
0,7,9D9JA6JCaLlMiY1/xQtIBIezTeI=,PMwLRJz1E+uhBLd89Wlx/Pxz/ok=
0,8,9D9JA6JCaLlMiY1/xQtIBIezTeI=,p5tw5qrtKiImWYjY/blyI/rYVJ0=
0,9,9D9JA6JCaLlMiY1/xQtIBIezTeI=,sSZe/JV/RhjvuMzRi/xub3jBHU4=
0,10,9D9JA6JCaLlMiY1/xQtIBIezTeI=,ISGiDnAF94XVkkT9a0jfvIV/WuE=
0,11,9D9JA6JCaLlMiY1/xQtIBIezTeI=,g/FZdww8bh1Vvm+u7BdBnZsMQwU=
0,12,9D9JA6JCaLlMiY1/xQtIBIezTeI=,g/FZdww8bh1Vvm+u7BdBnZsMQwU=
0,13,9D9JA6JCaLlMiY1/xQtIBIezTeI=,g/FZdww8bh1Vvm+u7BdBnZsMQwU=
0,14,9D9JA6JCaLlMiY1/xQtIBIezTeI=,oV+qiAqQGDVZMhxSNKzIzMnO73c=
1,1,9D9JA6JCaLlMiY1/xQtIBIezTeI=,0p/av9OOpfPt5TSQccnM9ZQww9w=
1,0,9D9JA6JCaLlMiY1/xQtIBIezTeI=,5LlGhUmpF6NVlnsdI+m6uJvCR+U=
1,3,hNQNjZg2z2d6F+gbj1splugzyaM=,5efSaA5zk1xp9xgkluGpZfuSlVk=
1,2,hNQNjZg2z2d6F+gbj1splugzyaM=,zP3XrD/5y7thgMnQn1ddiGr5PSU=
1,5,hNQNjZg2z2d6F+gbj1splugzyaM=,Mqh3+LhhmJ64zlceHEmivRrOJMg=
1,4,hNQNjZg2z2d6F+gbj1splugzyaM=,xYFGokjR5MYKgCF2wr3UtfK4rRI=
1,7,hNQNjZg2z2d6F+gbj1splugzyaM=,wlPHoZBT8+telVfM3Gx8WkgqPVU=
1,6,hNQNjZg2z2d6F+gbj1splugzyaM=,pbsGBrl9Q983eFE3Mm4MrlcbIIg=
1,9,hNQNjZg2z2d6F+gbj1splugzyaM=,q9WJwagDa3G9IPMoHX0gL4N8zZY=
1,8,hNQNjZg2z2d6F+gbj1splugzyaM=,ajVwC4v7wR2hBgVkb38InzhgHRU=
1,11,hNQNjZg2z2d6F+gbj1splugzyaM=,04UIETAAkGteksjvC76sTKrrD0E=
1,10,hNQNjZg2z2d6F+gbj1splugzyaM=,04UIETAAkGteksjvC76sTKrrD0E=
1,13,hNQNjZg2z2d6F+gbj1splugzyaM=,s4Gym2y7x3nVgTLHkeCS8yzhkdA=
1,12,hNQNjZg2z2d6F+gbj1splugzyaM=,pXit9QhnI0f4pv8dSuKlKJ3RK2o=
1,14,hNQNjZg2z2d6F+gbj1splugzyaM=,+xn1mbyxm3ARrqtMYHCyjaSMcuY=
2,2,hNQNjZg2z2d6F+gbj1splugzyaM=,tWIiNrtN62bTYERPxfnj+zrmoYQ=
2,3,S5EpnggCtyp1TmXh+Rh4L4KURuU=,wqny3JQsj2B7T7doP2CDTlVAoqU=
2,0,S5EpnggCtyp1TmXh+Rh4L4KURuU=,ymmSyiPREKopldIB24lIP3CHPxo=
2,1,S5EpnggCtyp1TmXh+Rh4L4KURuU=,tWIiNrtN62bTYERPxfnj+zrmoYQ=
2,6,S5EpnggCtyp1TmXh+Rh4L4KURuU=,SzBGJGJ8pFNCsE2cqOrU0T6WW8k=
2,7,S5EpnggCtyp1TmXh+Rh4L4KURuU=,Pex978BFKZWRdQl2wtbORoD6NMg=
2,4,S5EpnggCtyp1TmXh+Rh4L4KURuU=,I7u9xsZk6cwEaFcF9THHD0BO0GQ=
2,5,S5EpnggCtyp1TmXh+Rh4L4KURuU=,lWkGD0ewBVZu/nSFqIUcdK+wTDc=
2,10,S5EpnggCtyp1TmXh+Rh4L4KURuU=,7UwaVlvzkuPizmn9OR+nxtOftc8=
2,11,S5EpnggCtyp1TmXh+Rh4L4KURuU=,7UwaVlvzkuPizmn9OR+nxtOftc8=
2,8,S5EpnggCtyp1TmXh+Rh4L4KURuU=,PgHCsElhZnUYMG9OnBvR/XBPiu4=
2,9,S5EpnggCtyp1TmXh+Rh4L4KURuU=,3FWY2hpjb9dKi/N+hLLstH/ptNo=
2,14,S5EpnggCtyp1TmXh+Rh4L4KURuU=,UFuBKnkIkMcFlGU+MqGBSKJsb1Y=
2,12,S5EpnggCtyp1TmXh+Rh4L4KURuU=,uK0hGg6kU/l5s1NZUdKpOSTbdNg=
2,13,S5EpnggCtyp1TmXh+Rh4L4KURuU=,IJF3qgIL9xE36Pufbp/XLJw5tNs=
3,3,S5EpnggCtyp1TmXh+Rh4L4KURuU=,GmN+/JxOYmv/HSq8Epu/zhpiMDQ=
3,2,S5EpnggCtyp1TmXh+Rh4L4KURuU=,H6972HJUOSKap4UVKmXwoyS9+58=
3,1,S5EpnggCtyp1TmXh+Rh4L4KURuU=,EeTYnRRvpkDEY7wTy+40bB3YncE=
3,0,S5EpnggCtyp1TmXh+Rh4L4KURuU=,1m1/3v8IAYdygU6hxgkzWF//ZNE=
3,7,S5EpnggCtyp1TmXh+Rh4L4KURuU=,miIiP5o8e+xRIWUl/LOoo9NnHKI=
3,6,S5EpnggCtyp1TmXh+Rh4L4KURuU=,EeTYnRRvpkDEY7wTy+40bB3YncE=
3,5,S5EpnggCtyp1TmXh+Rh4L4KURuU=,EeTYnRRvpkDEY7wTy+40bB3YncE=
3,4,S5EpnggCtyp1TmXh+Rh4L4KURuU=,k571xgf/8wBfgpRg98oJFfcv63M=
3,11,S5EpnggCtyp1TmXh+Rh4L4KURuU=,6tVkL80mxWjtw8+WldZsN5S04rU=
3,10,S5EpnggCtyp1TmXh+Rh4L4KURuU=,6tVkL80mxWjtw8+WldZsN5S04rU=
3,9,aUHZmqIxJDWrpI8Jh8moNZ6W5OY=,g1gGnt9aHsGtvfrLOU50qmEZgkE=
3,8,aUHZmqIxJDWrpI8Jh8moNZ6W5OY=,2o2JeNupX1FFrteqY95XpJc9YLw=
3,14,aUHZmqIxJDWrpI8Jh8moNZ6W5OY=,AneXJGcdspi+EIey6FZkO4AU4Qs=
3,13,aUHZmqIxJDWrpI8Jh8moNZ6W5OY=,6tVkL80mxWjtw8+WldZsN5S04rU=
3,12,aUHZmqIxJDWrpI8Jh8moNZ6W5OY=,WjgropPMRJjb7rXICinziaX/AwA=
4,4,aUHZmqIxJDWrpI8Jh8moNZ6W5OY=,miIiP5o8e+xRIWUl/LOoo9NnHKI=
4,5,aUHZmqIxJDWrpI8Jh8moNZ6W5OY=,4a0ZZT7KICCRIQvYw7cro/xYDIg=
4,6,aUHZmqIxJDWrpI8Jh8moNZ6W5OY=,4a0ZZT7KICCRIQvYw7cro/xYDIg=
4,7,aUHZmqIxJDWrpI8Jh8moNZ6W5OY=,4a0ZZT7KICCRIQvYw7cro/xYDIg=
4,0,aUHZmqIxJDWrpI8Jh8moNZ6W5OY=,4a0ZZT7KICCRIQvYw7cro/xYDIg=
4,1,aUHZmqIxJDWrpI8Jh8moNZ6W5OY=,4a0ZZT7KICCRIQvYw7cro/xYDIg=
4,2,aUHZmqIxJDWrpI8Jh8moNZ6W5OY=,/yRBrSrujPDddUB2mNqaxlcc2cc=
4,3,aUHZmqIxJDWrpI8Jh8moNZ6W5OY=,IXZkGZYIMFbTjgDTnY6JaIQB9ys=
4,12,aUHZmqIxJDWrpI8Jh8moNZ6W5OY=,NG1TtSbLUrzf8NGm21K4XWRc/nI=
4,13,aUHZmqIxJDWrpI8Jh8moNZ6W5OY=,vMVLxBxdjLu3vT39VMnqn7iPXsw=
4,14,aUHZmqIxJDWrpI8Jh8moNZ6W5OY=,ZsDW80z+rsXI4JSK6HafcaqsFlY=
4,8,aUHZmqIxJDWrpI8Jh8moNZ6W5OY=,2o2JeNupX1FFrteqY95XpJc9YLw=
4,9,aUHZmqIxJDWrpI8Jh8moNZ6W5OY=,umVE9OU7jn2XKuc/TJqZ3SIN3Ro=
4,10,aUHZmqIxJDWrpI8Jh8moNZ6W5OY=,67Ci0qVN7bGB+nlbbv+IEqmwyfM=
4,11,aUHZmqIxJDWrpI8Jh8moNZ6W5OY=,m9iAOU316szQCA5Ez5gBkO+do6g=
5,5,Ryjis9IN84ZgLONK+xYWnTZqJ1k=,4a0ZZT7KICCRIQvYw7cro/xYDIg=
5,4,Ryjis9IN84ZgLONK+xYWnTZqJ1k=,4a0ZZT7KICCRIQvYw7cro/xYDIg=
5,7,Ryjis9IN84ZgLONK+xYWnTZqJ1k=,4a0ZZT7KICCRIQvYw7cro/xYDIg=
5,6,Ryjis9IN84ZgLONK+xYWnTZqJ1k=,4a0ZZT7KICCRIQvYw7cro/xYDIg=
5,1,Ryjis9IN84ZgLONK+xYWnTZqJ1k=,4a0ZZT7KICCRIQvYw7cro/xYDIg=
5,0,Ryjis9IN84ZgLONK+xYWnTZqJ1k=,4a0ZZT7KICCRIQvYw7cro/xYDIg=
5,3,Ryjis9IN84ZgLONK+xYWnTZqJ1k=,4a0ZZT7KICCRIQvYw7cro/xYDIg=
5,2,Ryjis9IN84ZgLONK+xYWnTZqJ1k=,4a0ZZT7KICCRIQvYw7cro/xYDIg=
5,13,Ryjis9IN84ZgLONK+xYWnTZqJ1k=,FW1YP72IUFhtNE3PmAJSlcfkjZ8=
5,12,Ryjis9IN84ZgLONK+xYWnTZqJ1k=,sDAqrWbEeZc0IciuHz4m03XWSbE=
5,14,Ryjis9IN84ZgLONK+xYWnTZqJ1k=,u/T3iTC1mHW42b1Lo0Awy+GXOGs=
5,9,Ryjis9IN84ZgLONK+xYWnTZqJ1k=,AeugH5SHdlhGM23NT1rZyQ0xaEk=
5,8,Ryjis9IN84ZgLONK+xYWnTZqJ1k=,hQESIAoOgaX1IqhOl8TRsQcohms=
5,11,Ryjis9IN84ZgLONK+xYWnTZqJ1k=,u/T3iTC1mHW42b1Lo0Awy+GXOGs=
5,10,Ryjis9IN84ZgLONK+xYWnTZqJ1k=,jGPzPARboI2Vr9fxziBOdntCacY=
6,6,Ryjis9IN84ZgLONK+xYWnTZqJ1k=,4a0ZZT7KICCRIQvYw7cro/xYDIg=
6,7,Ryjis9IN84ZgLONK+xYWnTZqJ1k=,4a0ZZT7KICCRIQvYw7cro/xYDIg=
6,4,Ryjis9IN84ZgLONK+xYWnTZqJ1k=,4a0ZZT7KICCRIQvYw7cro/xYDIg=
6,5,Ryjis9IN84ZgLONK+xYWnTZqJ1k=,4a0ZZT7KICCRIQvYw7cro/xYDIg=
6,2,Ryjis9IN84ZgLONK+xYWnTZqJ1k=,4a0ZZT7KICCRIQvYw7cro/xYDIg=
6,3,Ryjis9IN84ZgLONK+xYWnTZqJ1k=,4a0ZZT7KICCRIQvYw7cro/xYDIg=
6,0,Ryjis9IN84ZgLONK+xYWnTZqJ1k=,4a0ZZT7KICCRIQvYw7cro/xYDIg=
6,1,Ryjis9IN84ZgLONK+xYWnTZqJ1k=,4a0ZZT7KICCRIQvYw7cro/xYDIg=
6,14,Ryjis9IN84ZgLONK+xYWnTZqJ1k=,u/T3iTC1mHW42b1Lo0Awy+GXOGs=
6,12,Rva4aXN+PZgE70OvPT7+LDndSO0=,85EmpKZXsk8EXDUK/7CojsCU8N0=
6,13,Rva4aXN+PZgE70OvPT7+LDndSO0=,iXYHovi7lwZNU6uuRYrj7CsCsZY=
6,10,Rva4aXN+PZgE70OvPT7+LDndSO0=,0bDjNPMr9nsJuTYa2+Gj2EQlZCk=
6,11,Rva4aXN+PZgE70OvPT7+LDndSO0=,Uy/HzAn2oHxmtgBSQjlU0B2yOVc=
6,8,Rva4aXN+PZgE70OvPT7+LDndSO0=,hQESIAoOgaX1IqhOl8TRsQcohms=
6,9,Rva4aXN+PZgE70OvPT7+LDndSO0=,2JquD/8qP1e7NsoqD3astB0vH2E=
7,7,Rva4aXN+PZgE70OvPT7+LDndSO0=,4a0ZZT7KICCRIQvYw7cro/xYDIg=
7,6,Rva4aXN+PZgE70OvPT7+LDndSO0=,4a0ZZT7KICCRIQvYw7cro/xYDIg=
7,5,Rva4aXN+PZgE70OvPT7+LDndSO0=,4a0ZZT7KICCRIQvYw7cro/xYDIg=
7,4,Rva4aXN+PZgE70OvPT7+LDndSO0=,4a0ZZT7KICCRIQvYw7cro/xYDIg=
7,3,Rva4aXN+PZgE70OvPT7+LDndSO0=,4a0ZZT7KICCRIQvYw7cro/xYDIg=
7,2,Rva4aXN+PZgE70OvPT7+LDndSO0=,4a0ZZT7KICCRIQvYw7cro/xYDIg=
7,1,Rva4aXN+PZgE70OvPT7+LDndSO0=,4a0ZZT7KICCRIQvYw7cro/xYDIg=
7,0,Rva4aXN+PZgE70OvPT7+LDndSO0=,4a0ZZT7KICCRIQvYw7cro/xYDIg=
7,14,Rva4aXN+PZgE70OvPT7+LDndSO0=,u/T3iTC1mHW42b1Lo0Awy+GXOGs=
7,13,Rva4aXN+PZgE70OvPT7+LDndSO0=,u/T3iTC1mHW42b1Lo0Awy+GXOGs=
7,12,Rva4aXN+PZgE70OvPT7+LDndSO0=,iXYHovi7lwZNU6uuRYrj7CsCsZY=
7,11,Rva4aXN+PZgE70OvPT7+LDndSO0=,rZdMdnI86BPPZdLfSgUVDsDM8wY=
7,10,Rva4aXN+PZgE70OvPT7+LDndSO0=,rZdMdnI86BPPZdLfSgUVDsDM8wY=
7,9,Rva4aXN+PZgE70OvPT7+LDndSO0=,4XFaNZV1OAuGEOKVDDKox3qlcZU=
7,8,Rva4aXN+PZgE70OvPT7+LDndSO0=,cpES9+vcGRXiVCcZD57VbLfWgGo=
8,8,Rva4aXN+PZgE70OvPT7+LDndSO0=,nUf7E/BlqKTJ5pHPuscQT3DoAZA=
8,9,Rva4aXN+PZgE70OvPT7+LDndSO0=,nUf7E/BlqKTJ5pHPuscQT3DoAZA=
8,10,Rva4aXN+PZgE70OvPT7+LDndSO0=,HmEFCgMQsSnijhwUCd+cPCrtLqA=
8,11,Rva4aXN+PZgE70OvPT7+LDndSO0=,cvy18reUgaQPJqQPxpoN9YsEnK8=
8,12,Rva4aXN+PZgE70OvPT7+LDndSO0=,cvy18reUgaQPJqQPxpoN9YsEnK8=
8,13,7IhfMUC0Cp5FLnVTJktpX/ua6Xs=,cvy18reUgaQPJqQPxpoN9YsEnK8=
8,14,7IhfMUC0Cp5FLnVTJktpX/ua6Xs=,7nCVvcUZywMOvogJ3QOoMO1Fzb4=
8,0,7IhfMUC0Cp5FLnVTJktpX/ua6Xs=,/LGIdTw54a78C5Js22FWkc6zRyo=
8,1,7IhfMUC0Cp5FLnVTJktpX/ua6Xs=,iia0xaogWc1/tg/P1sV7Qc7PRos=
8,2,7IhfMUC0Cp5FLnVTJktpX/ua6Xs=,N6+rQiN7fxsGpGgRUjSB4AnOlFU=
8,3,7IhfMUC0Cp5FLnVTJktpX/ua6Xs=,ld0tcXSYgWx40ql2C/hkObpYjmI=
8,4,7IhfMUC0Cp5FLnVTJktpX/ua6Xs=,4lpvr9jWCeiqkoc6XBv4dgPZzNU=
8,5,7IhfMUC0Cp5FLnVTJktpX/ua6Xs=,GnZwU9m56JTrVgz3mHccByAicrg=
8,6,7IhfMUC0Cp5FLnVTJktpX/ua6Xs=,NZ6bp7aG3UX3DG28s/jxVsMj1JY=
8,7,7IhfMUC0Cp5FLnVTJktpX/ua6Xs=,026GBFATCxvTokYDvlh9grIij5M=
9,9,7IhfMUC0Cp5FLnVTJktpX/ua6Xs=,nUf7E/BlqKTJ5pHPuscQT3DoAZA=
9,8,7IhfMUC0Cp5FLnVTJktpX/ua6Xs=,nUf7E/BlqKTJ5pHPuscQT3DoAZA=
9,11,7IhfMUC0Cp5FLnVTJktpX/ua6Xs=,7STop5+BLjuHqcnwA32tPHoMOK0=
9,10,7IhfMUC0Cp5FLnVTJktpX/ua6Xs=,5At9pQCcp8mqWgUEVijLse7+H5c=
9,13,7IhfMUC0Cp5FLnVTJktpX/ua6Xs=,+SlLfUNLYDJKsAuUC7IopDJVmNo=
9,12,7IhfMUC0Cp5FLnVTJktpX/ua6Xs=,jXAaCrhirxYN0o8CGf/7hWV75Mc=
9,14,7IhfMUC0Cp5FLnVTJktpX/ua6Xs=,Zx0xMdXODJRHnWwVmzCvEI442Dw=
9,1,7IhfMUC0Cp5FLnVTJktpX/ua6Xs=,nldfI0IWX5mg6fLuWe9FtaugqIs=
9,0,7IhfMUC0Cp5FLnVTJktpX/ua6Xs=,GrGIJJE62q0bRT3LlkXSAfx6P7w=
9,3,7IhfMUC0Cp5FLnVTJktpX/ua6Xs=,/Rt6RREj+OJfY8XN7arG7aAf9N0=
9,2,7IhfMUC0Cp5FLnVTJktpX/ua6Xs=,WYCk/yaw4i0iwyekyJDH5wPVm+0=
9,5,cEbIdiKnegQj6QD2kpUHR04jtsA=,cBAa0DSnf/6KqcTqaoXlZly6DKk=
9,4,cEbIdiKnegQj6QD2kpUHR04jtsA=,alnMWKYZSW/qWr0J0MeMnx6SkZQ=
9,7,cEbIdiKnegQj6QD2kpUHR04jtsA=,ucN/1sLDVfhgC6/A0Gt03gl7g4c=
9,6,cEbIdiKnegQj6QD2kpUHR04jtsA=,v8CrzWHdCB7e0CGxYay6CZ2yEDY=
10,10,cEbIdiKnegQj6QD2kpUHR04jtsA=,FiUPwdUv7IjPNBhtIm2n+OPfnfI=
10,11,cEbIdiKnegQj6QD2kpUHR04jtsA=,LK+qU5mGsWNitz28oulmgLAzMVI=
10,8,cEbIdiKnegQj6QD2kpUHR04jtsA=,F4F0v51Cd+oSQ/QqQEpuJOzN8zM=
10,9,cEbIdiKnegQj6QD2kpUHR04jtsA=,kJFH1EIENBZFZVd/+UADT6cohGk=
10,14,cEbIdiKnegQj6QD2kpUHR04jtsA=,7MonV1+KObNnxyYPDzLfUv8W8xk=
10,12,cEbIdiKnegQj6QD2kpUHR04jtsA=,BOg7Bvi8gAGcu8I3QvJGdj+65Jk=
10,13,cEbIdiKnegQj6QD2kpUHR04jtsA=,7syxvbBTKMB2Tb/tsnbZglj/5Xo=
10,2,cEbIdiKnegQj6QD2kpUHR04jtsA=,ID4sQE7LLUXF7NkS8I7QJa3uysk=
10,3,cEbIdiKnegQj6QD2kpUHR04jtsA=,mMwvrNJpa1kzmYsOqQSBaLvj7/w=
10,0,cEbIdiKnegQj6QD2kpUHR04jtsA=,LGyyoNecMgX9pCDFPsbhkRfqbP8=
10,1,cEbIdiKnegQj6QD2kpUHR04jtsA=,nLJluMkr1MgcfNv0NdFtlX4g6Yo=
10,6,cEbIdiKnegQj6QD2kpUHR04jtsA=,+M08c/TGMOG1nThtNLMQ2nZPmLI=
10,7,cEbIdiKnegQj6QD2kpUHR04jtsA=,4JScxd4/Fl0i8uV6qqs0rttrvvs=
10,4,cEbIdiKnegQj6QD2kpUHR04jtsA=,E84ZHy7Rw5fHXhHciKkbbgdBpBM=
10,5,cEbIdiKnegQj6QD2kpUHR04jtsA=,E84ZHy7Rw5fHXhHciKkbbgdBpBM=
11,11,1lg3HVwbP7EDcosD9OePY4rUHUY=,wYOhSTW2l3Tv2k1Yk5ukHxUJEIE=
11,10,1lg3HVwbP7EDcosD9OePY4rUHUY=,IqkYv/t6i5cAsnE08eKkHKa8Iz8=
11,9,1lg3HVwbP7EDcosD9OePY4rUHUY=,NhJN/WgOAZYxUkJ45QnDvdYb02g=
11,8,1lg3HVwbP7EDcosD9OePY4rUHUY=,vzP1lH2n//L3eMpir268oW7bWKw=
11,14,1lg3HVwbP7EDcosD9OePY4rUHUY=,nUf7E/BlqKTJ5pHPuscQT3DoAZA=
11,13,1lg3HVwbP7EDcosD9OePY4rUHUY=,TxDT3L8XaBapGxmBM0wvjFSAgzo=
11,12,1lg3HVwbP7EDcosD9OePY4rUHUY=,FXAqMxJJU2aq6O8GE1gUaKYDhNU=
11,3,1lg3HVwbP7EDcosD9OePY4rUHUY=,hffZKE0+CPVuBT3825kiN1wI7/k=
11,2,1lg3HVwbP7EDcosD9OePY4rUHUY=,Os94xw3HJAwQoEuYrACejoD5X7g=
11,1,1lg3HVwbP7EDcosD9OePY4rUHUY=,UXtXGNn4W6hVprCs0I7pX8AjFE4=
11,0,1lg3HVwbP7EDcosD9OePY4rUHUY=,LGyyoNecMgX9pCDFPsbhkRfqbP8=
11,7,1lg3HVwbP7EDcosD9OePY4rUHUY=,5VlgTf1Xt0wqkThCMdsTNXlPPdI=
11,6,1lg3HVwbP7EDcosD9OePY4rUHUY=,yMp5k9n4TEsyWh9F+3WKeFHhQb8=
11,5,1lg3HVwbP7EDcosD9OePY4rUHUY=,l2bc7T8leAL38TxnCWO4QEBVfXw=
11,4,1lg3HVwbP7EDcosD9OePY4rUHUY=,sZ+vDEqpXKmzyBCMHZqXCKKamK8=
12,12,1lg3HVwbP7EDcosD9OePY4rUHUY=,TmrefwmdcXzj8VoPl4nEq0FNgmA=
12,13,1lg3HVwbP7EDcosD9OePY4rUHUY=,Bb3w/JtIWbGgWSjQ8TRT6f3Gpjw=
12,14,1lg3HVwbP7EDcosD9OePY4rUHUY=,nUf7E/BlqKTJ5pHPuscQT3DoAZA=
12,8,1lg3HVwbP7EDcosD9OePY4rUHUY=,vzP1lH2n//L3eMpir268oW7bWKw=
12,9,1lg3HVwbP7EDcosD9OePY4rUHUY=,NhJN/WgOAZYxUkJ45QnDvdYb02g=
12,10,1lg3HVwbP7EDcosD9OePY4rUHUY=,iLf5PNzXcuTNwxkLOWJsTe93iIM=
12,11,uNCpGPaBErHEdJ0mUJP2KtNiNg8=,S2ilx+7kN+s5vQUhcbh2A90yvkA=
12,4,uNCpGPaBErHEdJ0mUJP2KtNiNg8=,EcvRzazA+I5xbHiFY93YUW1eNoU=
12,5,uNCpGPaBErHEdJ0mUJP2KtNiNg8=,DwaWSTNOCcKimj93YivvPLxxF5I=
12,6,uNCpGPaBErHEdJ0mUJP2KtNiNg8=,4mEZevzk4KuybicHKsdPjzS2p5g=
12,7,uNCpGPaBErHEdJ0mUJP2KtNiNg8=,aQ6kEcCnfn0xDcUpM8M0nduUFwI=
12,0,uNCpGPaBErHEdJ0mUJP2KtNiNg8=,i8c3fdvSNbAOZmm8/BTkVKxfBDo=
12,1,uNCpGPaBErHEdJ0mUJP2KtNiNg8=,aBZsX447n5Uy8YUDobWZGXB4Oq4=
12,2,uNCpGPaBErHEdJ0mUJP2KtNiNg8=,0Q3PuoSXNuhmG1INxF++MJr7/+U=
12,3,uNCpGPaBErHEdJ0mUJP2KtNiNg8=,OoPCLuwXvOIhHYU+MSFVX4WYB58=
13,13,uNCpGPaBErHEdJ0mUJP2KtNiNg8=,Bb3w/JtIWbGgWSjQ8TRT6f3Gpjw=
13,12,uNCpGPaBErHEdJ0mUJP2KtNiNg8=,+10TzPn4VeoEwzt5W+4e09cUX4U=
13,14,uNCpGPaBErHEdJ0mUJP2KtNiNg8=,nUf7E/BlqKTJ5pHPuscQT3DoAZA=
13,9,uNCpGPaBErHEdJ0mUJP2KtNiNg8=,MSqBNozZ3NmvSw8K031ZK90KI44=
13,8,uNCpGPaBErHEdJ0mUJP2KtNiNg8=,/LKtPocM+OqGUt5m2yxelbP943Q=
13,11,uNCpGPaBErHEdJ0mUJP2KtNiNg8=,yaNo/m6nHwRGugeriJtsqnSJHBA=
13,10,uNCpGPaBErHEdJ0mUJP2KtNiNg8=,CR0qMN0+ZstnNbs5gl/R5FMF42U=
13,5,uNCpGPaBErHEdJ0mUJP2KtNiNg8=,026GBFATCxvTokYDvlh9grIij5M=
13,4,uNCpGPaBErHEdJ0mUJP2KtNiNg8=,rBZ/18agsfLi71nabKIYVDn7u3s=
13,7,uNCpGPaBErHEdJ0mUJP2KtNiNg8=,026GBFATCxvTokYDvlh9grIij5M=
13,6,uNCpGPaBErHEdJ0mUJP2KtNiNg8=,026GBFATCxvTokYDvlh9grIij5M=
13,1,uNCpGPaBErHEdJ0mUJP2KtNiNg8=,026GBFATCxvTokYDvlh9grIij5M=
13,0,gGdO+dDTq6QX729wB2jzrFPyLHg=,026GBFATCxvTokYDvlh9grIij5M=
13,3,gGdO+dDTq6QX729wB2jzrFPyLHg=,DDBrIlgZvGhXpiBaXBwfx8HjV2w=
13,2,gGdO+dDTq6QX729wB2jzrFPyLHg=,Ua/M/xehR0rA/vzfeT8sRdoP6+Y=
14,14,gGdO+dDTq6QX729wB2jzrFPyLHg=,nUf7E/BlqKTJ5pHPuscQT3DoAZA=
14,12,gGdO+dDTq6QX729wB2jzrFPyLHg=,T05OTMhbddtqz7pl9etJaqSr2/Y=
14,13,gGdO+dDTq6QX729wB2jzrFPyLHg=,Bb3w/JtIWbGgWSjQ8TRT6f3Gpjw=
14,10,gGdO+dDTq6QX729wB2jzrFPyLHg=,QxruA5yal67fZLDwO5gePEsted8=
14,11,gGdO+dDTq6QX729wB2jzrFPyLHg=,b7v0U8jDblXMATpkgPS2eLfIgTE=
14,8,gGdO+dDTq6QX729wB2jzrFPyLHg=,QV14Tkt1Jcc8bp2aLeBSG+wNp9E=
14,9,gGdO+dDTq6QX729wB2jzrFPyLHg=,wHhwBIJyHM8Mwazk0dy533ekOHg=
14,6,gGdO+dDTq6QX729wB2jzrFPyLHg=,026GBFATCxvTokYDvlh9grIij5M=
14,7,gGdO+dDTq6QX729wB2jzrFPyLHg=,026GBFATCxvTokYDvlh9grIij5M=
14,4,gGdO+dDTq6QX729wB2jzrFPyLHg=,/MDDHiPHA7GtV7+2LIJkJxgInOA=
14,5,gGdO+dDTq6QX729wB2jzrFPyLHg=,026GBFATCxvTokYDvlh9grIij5M=
14,2,gGdO+dDTq6QX729wB2jzrFPyLHg=,nApdkErERCn8DpWrZZ+EIneVXnc=
14,3,gGdO+dDTq6QX729wB2jzrFPyLHg=,iX6y3MXW87pAKKvy/DphHn4dP+k=
14,0,gGdO+dDTq6QX729wB2jzrFPyLHg=,FdH9VZ4Qh6o0Ow2Y1boGIugbCq0=
14,1,gGdO+dDTq6QX729wB2jzrFPyLHg=,SeXXOoa/+jwLuXGmQ88mfwn4Ots=
15,14,gGdO+dDTq6QX729wB2jzrFPyLHg=,nUf7E/BlqKTJ5pHPuscQT3DoAZA=
15,13,gGdO+dDTq6QX729wB2jzrFPyLHg=,wle9BgUK6ovN6UrMZ35r/ASaMoE=
15,12,gGdO+dDTq6QX729wB2jzrFPyLHg=,/BlUC6iVwWQasztbNC2wCWGlG9s=
15,11,gGdO+dDTq6QX729wB2jzrFPyLHg=,hTRTgewlbV1FL8O9BaPHBbiyRWU=
15,10,gGdO+dDTq6QX729wB2jzrFPyLHg=,8tHIkW66LS/mPD6PHhp0kNUrDT0=
15,9,gGdO+dDTq6QX729wB2jzrFPyLHg=,YG5ivvpDUUAO2da1w82th/J6wFk=
15,8,gGdO+dDTq6QX729wB2jzrFPyLHg=,jr0CO/ZD8JMnj7UUPJDW+jmR0FA=
15,7,gGdO+dDTq6QX729wB2jzrFPyLHg=,026GBFATCxvTokYDvlh9grIij5M=
15,6,gGdO+dDTq6QX729wB2jzrFPyLHg=,026GBFATCxvTokYDvlh9grIij5M=
15,5,BrNk3zdpcVw1km0gG/evYv2ewgk=,026GBFATCxvTokYDvlh9grIij5M=
15,4,BrNk3zdpcVw1km0gG/evYv2ewgk=,poqBUefRxwMxWH+2cvMeSKqoxjU=
15,3,BrNk3zdpcVw1km0gG/evYv2ewgk=,mfji50Iy5VIoZ8s1qBGyc4QxQmM=
15,2,BrNk3zdpcVw1km0gG/evYv2ewgk=,suwJzhgrNJPdXK0KpIK2tglojk4=
15,1,BrNk3zdpcVw1km0gG/evYv2ewgk=,suwJzhgrNJPdXK0KpIK2tglojk4=
15,0,BrNk3zdpcVw1km0gG/evYv2ewgk=,KE713kNlmtKVAudeW1GLTL72Wek=
16,0,BrNk3zdpcVw1km0gG/evYv2ewgk=,TUzkHqQA5iITeRpzCbEBukzYySc=
16,1,BrNk3zdpcVw1km0gG/evYv2ewgk=,TUzkHqQA5iITeRpzCbEBukzYySc=
16,2,BrNk3zdpcVw1km0gG/evYv2ewgk=,TUzkHqQA5iITeRpzCbEBukzYySc=
16,3,BrNk3zdpcVw1km0gG/evYv2ewgk=,TUzkHqQA5iITeRpzCbEBukzYySc=
16,4,BrNk3zdpcVw1km0gG/evYv2ewgk=,TUzkHqQA5iITeRpzCbEBukzYySc=
16,5,BrNk3zdpcVw1km0gG/evYv2ewgk=,TUzkHqQA5iITeRpzCbEBukzYySc=
16,6,BrNk3zdpcVw1km0gG/evYv2ewgk=,TUzkHqQA5iITeRpzCbEBukzYySc=
16,7,BrNk3zdpcVw1km0gG/evYv2ewgk=,TUzkHqQA5iITeRpzCbEBukzYySc=
16,8,BrNk3zdpcVw1km0gG/evYv2ewgk=,pDhmWEOZ6VqlutYHXptoLCcENK8=
16,9,BrNk3zdpcVw1km0gG/evYv2ewgk=,pDhmWEOZ6VqlutYHXptoLCcENK8=
16,10,BrNk3zdpcVw1km0gG/evYv2ewgk=,pDhmWEOZ6VqlutYHXptoLCcENK8=
16,11,BrNk3zdpcVw1km0gG/evYv2ewgk=,pDhmWEOZ6VqlutYHXptoLCcENK8=
16,12,BrNk3zdpcVw1km0gG/evYv2ewgk=,pDhmWEOZ6VqlutYHXptoLCcENK8=
16,13,BrNk3zdpcVw1km0gG/evYv2ewgk=,pDhmWEOZ6VqlutYHXptoLCcENK8=
16,14,BrNk3zdpcVw1km0gG/evYv2ewgk=,pDhmWEOZ6VqlutYHXptoLCcENK8=
